<?xml version="1.0" encoding="utf-8" standalone="yes"?>
<!--Generated on dimanche 19 janvier 2020 at 08:36.-->
<PICPartInfo version="v5.30" defaultlegacy="0x8452" defaultextended="0x4620">
  <Part arch="16xxxx" procid="0x2671" name="PIC12C671" />
  <Part arch="16xxxx" procid="0x2672" name="PIC12C672" />
  <Part arch="16xxxx" procid="0x2673" name="PIC12CE673" />
  <Part arch="16xxxx" procid="0x2674" name="PIC12CE674" />
  <Part arch="16xxxx" procid="0x6432" name="PIC16C432" />
  <Part arch="16xxxx" procid="0x6433" name="PIC16C433" />
  <Part arch="16xxxx" procid="0x6554" name="PIC16C554" />
  <Part arch="16xxxx" procid="0x6557" name="PIC16C557" />
  <Part arch="16xxxx" procid="0x6558" name="PIC16C558" />
  <Part arch="16xxxx" procid="0x6620" name="PIC16C620" />
  <Part arch="16xxxx" procid="0x620A" name="PIC16C620A" />
  <Part arch="16xxxx" procid="0x6621" name="PIC16C621" />
  <Part arch="16xxxx" procid="0x621A" name="PIC16C621A" />
  <Part arch="16xxxx" procid="0x6622" name="PIC16C622" />
  <Part arch="16xxxx" procid="0x622A" name="PIC16C622A" />
  <Part arch="16xxxx" procid="0x662A" name="PIC16C62A" />
  <Part arch="16xxxx" procid="0x662B" name="PIC16C62B" />
  <Part arch="16xxxx" procid="0x6C63" name="PIC16C63" />
  <Part arch="16xxxx" procid="0x663A" name="PIC16C63A" />
  <Part arch="16xxxx" procid="0x6642" name="PIC16C642" />
  <Part arch="16xxxx" procid="0x664A" name="PIC16C64A" />
  <Part arch="16xxxx" procid="0x665A" name="PIC16C65A" />
  <Part arch="16xxxx" procid="0x665B" name="PIC16C65B" />
  <Part arch="16xxxx" procid="0x6C66" name="PIC16C66" />
  <Part arch="16xxxx" procid="0x6662" name="PIC16C662" />
  <Part arch="16xxxx" procid="0x6C67" name="PIC16C67" />
  <Part arch="16xxxx" procid="0x6C71" name="PIC16C71" />
  <Part arch="16xxxx" procid="0x6710" name="PIC16C710" />
  <Part arch="16xxxx" procid="0x6711" name="PIC16C711" />
  <Part arch="16xxxx" procid="0x6712" name="PIC16C712" />
  <Part arch="16xxxx" procid="0x6715" name="PIC16C715" />
  <Part arch="16xxxx" procid="0x6716" name="PIC16C716" />
  <Part arch="16xxxx" procid="0x6717" name="PIC16C717" />
  <Part arch="16xxxx" procid="0x6C72" name="PIC16C72" />
  <Part arch="16xxxx" procid="0x672A" name="PIC16C72A" />
  <Part arch="16xxxx" procid="0x673A" name="PIC16C73A" />
  <Part arch="16xxxx" procid="0x673B" name="PIC16C73B" />
  <Part arch="16xxxx" procid="0x6745" name="PIC16C745" />
  <Part arch="16xxxx" procid="0x674A" name="PIC16C74A" />
  <Part arch="16xxxx" procid="0x674B" name="PIC16C74B" />
  <Part arch="16xxxx" procid="0x6C76" name="PIC16C76" />
  <Part arch="16xxxx" procid="0x6765" name="PIC16C765" />
  <Part arch="16xxxx" procid="0x6C77" name="PIC16C77" />
  <Part arch="16xxxx" procid="0x6770" name="PIC16C770" />
  <Part arch="16xxxx" procid="0x6771" name="PIC16C771" />
  <Part arch="16xxxx" procid="0x6773" name="PIC16C773" />
  <Part arch="16xxxx" procid="0x6774" name="PIC16C774" />
  <Part arch="16xxxx" procid="0x6781" name="PIC16C781" />
  <Part arch="16xxxx" procid="0x6782" name="PIC16C782" />
  <Part arch="16xxxx" procid="0x6923" name="PIC16C923" />
  <Part arch="16xxxx" procid="0x6924" name="PIC16C924" />
  <Part arch="16xxxx" procid="0x6925" name="PIC16C925" />
  <Part arch="16xxxx" procid="0x6926" name="PIC16C926" />
  <Part arch="16xxxx" procid="0x6623" name="PIC16CE623" />
  <Part arch="16xxxx" procid="0x6624" name="PIC16CE624" />
  <Part arch="16xxxx" procid="0x6625" name="PIC16CE625" />
  <Part arch="16xxxx" procid="0xDC62" name="PIC16CR62" />
  <Part arch="16xxxx" procid="0xD20A" name="PIC16CR620A" />
  <Part arch="16xxxx" procid="0x6D63" name="PIC16CR63" />
  <Part arch="16xxxx" procid="0xDC64" name="PIC16CR64" />
  <Part arch="16xxxx" procid="0x6D65" name="PIC16CR65" />
  <Part arch="16xxxx" procid="0x6D72" name="PIC16CR72" />
  <Part arch="16xxxx" procid="0x6D73" name="PIC16CR73" />
  <Part arch="16xxxx" procid="0x6D74" name="PIC16CR74" />
  <Part arch="16xxxx" procid="0x6D76" name="PIC16CR76" />
  <Part arch="16xxxx" procid="0x6D77" name="PIC16CR77" />
  <Part arch="16xxxx" procid="0xDC83" name="PIC16CR83" />
  <Part arch="16xxxx" procid="0xDC84" name="PIC16CR84" />
  <Part arch="16xxxx" procid="0xD926" name="PIC16CR926" />
  <Part arch="16Exxx" procid="0x1501" name="PIC12F1501" />
  <Part arch="16Exxx" procid="0x1571" name="PIC12F1571" clonedfrom="PIC12F1572" />
  <Part arch="16Exxx" procid="0x1572" name="PIC12F1572" clonedfrom="PIC12F1822" />
  <Part arch="16Exxx" procid="0x1612" name="PIC12F1612" clonedfrom="PIC16F1613" />
  <Part arch="16Exxx" procid="0x1822" name="PIC12F1822" />
  <Part arch="16Exxx" procid="0x1840" name="PIC12F1840" />
  <Part arch="16Exxx" procid="0xA501" name="PIC12LF1501" />
  <Part arch="16Exxx" procid="0xA552" name="PIC12LF1552" />
  <Part arch="16Exxx" procid="0xA571" name="PIC12LF1571" clonedfrom="PIC12F1571" />
  <Part arch="16Exxx" procid="0xA572" name="PIC12LF1572" clonedfrom="PIC12F1572" />
  <Part arch="16Exxx" procid="0xA612" name="PIC12LF1612" clonedfrom="PIC16LF1613" />
  <Part arch="16Exxx" procid="0xA822" name="PIC12LF1822" />
  <Part arch="16Exxx" procid="0xA840" name="PIC12LF1840" />
  <Part arch="16Exxx" procid="0xC840" name="PIC12LF1840T39A" />
  <Part arch="16Exxx" procid="0xB840" name="PIC12LF1840T48A" />
  <Part arch="16Exxx" procid="0x1454" name="PIC16F1454" />
  <Part arch="16Exxx" procid="0x1455" name="PIC16F1455" />
  <Part arch="16Exxx" procid="0x1459" name="PIC16F1459" />
  <Part arch="16Exxx" procid="0x1503" name="PIC16F1503" />
  <Part arch="16Exxx" procid="0x1507" name="PIC16F1507" />
  <Part arch="16Exxx" procid="0x1508" name="PIC16F1508" />
  <Part arch="16Exxx" procid="0x1509" name="PIC16F1509" />
  <Part arch="16Exxx" procid="0x1512" name="PIC16F1512" />
  <Part arch="16Exxx" procid="0x1513" name="PIC16F1513" />
  <Part arch="16Exxx" procid="0x1516" name="PIC16F1516" />
  <Part arch="16Exxx" procid="0x1517" name="PIC16F1517" />
  <Part arch="16Exxx" procid="0x1518" name="PIC16F1518" />
  <Part arch="16Exxx" procid="0x1519" name="PIC16F1519" />
  <Part arch="16Exxx" procid="0x1526" name="PIC16F1526" />
  <Part arch="16Exxx" procid="0x1527" name="PIC16F1527" />
  <Part arch="16Exxx" procid="0x1574" name="PIC16F1574" clonedfrom="PIC12F1572" />
  <Part arch="16Exxx" procid="0x1575" name="PIC16F1575" clonedfrom="PIC12F1572" />
  <Part arch="16Exxx" procid="0x1578" name="PIC16F1578" clonedfrom="PIC16F1574" />
  <Part arch="16Exxx" procid="0x1579" name="PIC16F1579" clonedfrom="PIC16F1574" />
  <Part arch="16Exxx" procid="0x1613" name="PIC16F1613" clonedfrom="PIC16F1509" />
  <Part arch="16Exxx" procid="0x1614" name="PIC16F1614" clonedfrom="PIC16F1618" />
  <Part arch="16Exxx" procid="0x1615" name="PIC16F1615" clonedfrom="PIC16LF1615" />
  <Part arch="16Exxx" procid="0x1618" name="PIC16F1618" clonedfrom="PIC16F1619" />
  <Part arch="16Exxx" procid="0x1619" name="PIC16F1619" clonedfrom="PIC16F1618" />
  <Part arch="16Exxx" procid="0x1703" name="PIC16F1703" clonedfrom="PIC16LF1703" />
  <Part arch="16Exxx" procid="0x1704" name="PIC16F1704" clonedfrom="PIC16F1708" />
  <Part arch="16Exxx" procid="0x1705" name="PIC16F1705" clonedfrom="PIC16F1704" />
  <Part arch="16Exxx" procid="0x1707" name="PIC16F1707" clonedfrom="PIC16LF1707" />
  <Part arch="16Exxx" procid="0x1708" name="PIC16F1708" clonedfrom="PIC16F1509" />
  <Part arch="16Exxx" procid="0x1709" name="PIC16F1709" clonedfrom="PIC16F1708" />
  <Part arch="16Exxx" procid="0x1713" name="PIC16F1713" clonedfrom="PIC16F1713" />
  <Part arch="16Exxx" procid="0x1716" name="PIC16F1716" clonedfrom="PIC16F1713" />
  <Part arch="16Exxx" procid="0x1717" name="PIC16F1717" clonedfrom="PIC16F1718" />
  <Part arch="16Exxx" procid="0x1718" name="PIC16F1718" clonedfrom="PIC16F1716" />
  <Part arch="16Exxx" procid="0x1719" name="PIC16F1719" clonedfrom="PIC16F1718" />
  <Part arch="16Exxx" procid="0x1764" name="PIC16F1764" clonedfrom="PIC16F1768" />
  <Part arch="16Exxx" procid="0x1765" name="PIC16F1765" clonedfrom="PIC16F1769" />
  <Part arch="16Exxx" procid="0x1768" name="PIC16F1768" clonedfrom="PIC16F1708" />
  <Part arch="16Exxx" procid="0x1769" name="PIC16F1769" clonedfrom="PIC16F1768" />
  <Part arch="16Exxx" procid="0x1773" name="PIC16F1773" clonedfrom="PIC16F1776" />
  <Part arch="16Exxx" procid="0x1776" name="PIC16F1776" clonedfrom="PIC16F1769" />
  <Part arch="16Exxx" procid="0x1777" name="PIC16F1777" clonedfrom="PIC16F1779" />
  <Part arch="16Exxx" procid="0x1778" name="PIC16F1778" clonedfrom="PIC16F1776" />
  <Part arch="16Exxx" procid="0x1779" name="PIC16F1779" clonedfrom="PIC16F1776" />
  <Part arch="16Exxx" procid="0x1782" name="PIC16F1782" />
  <Part arch="16Exxx" procid="0x1783" name="PIC16F1783" />
  <Part arch="16Exxx" procid="0x1784" name="PIC16F1784" />
  <Part arch="16Exxx" procid="0x1786" name="PIC16F1786" />
  <Part arch="16Exxx" procid="0x1787" name="PIC16F1787" />
  <Part arch="16Exxx" procid="0x1788" name="PIC16F1788" />
  <Part arch="16Exxx" procid="0x1789" name="PIC16F1789" />
  <Part arch="16Exxx" procid="0x1823" name="PIC16F1823" />
  <Part arch="16Exxx" procid="0x1824" name="PIC16F1824" />
  <Part arch="16Exxx" procid="0x1825" name="PIC16F1825" />
  <Part arch="16Exxx" procid="0x1826" name="PIC16F1826" />
  <Part arch="16Exxx" procid="0x1827" name="PIC16F1827" />
  <Part arch="16Exxx" procid="0x1828" name="PIC16F1828" />
  <Part arch="16Exxx" procid="0x1829" name="PIC16F1829" />
  <Part arch="16Exxx" procid="0xB829" name="PIC16F1829LIN" clonedfrom="PIC16F1829" />
  <Part arch="16Exxx" procid="0x1847" name="PIC16F1847" />
  <Part arch="16Exxx" procid="0x1933" name="PIC16F1933" />
  <Part arch="16Exxx" procid="0x1934" name="PIC16F1934" />
  <Part arch="16Exxx" procid="0x1936" name="PIC16F1936" />
  <Part arch="16Exxx" procid="0x1937" name="PIC16F1937" />
  <Part arch="16Exxx" procid="0x1938" name="PIC16F1938" />
  <Part arch="16Exxx" procid="0x1939" name="PIC16F1939" />
  <Part arch="16Exxx" procid="0x1946" name="PIC16F1946" />
  <Part arch="16Exxx" procid="0x1947" name="PIC16F1947" />
  <Part arch="16Exxx" procid="0xA454" name="PIC16LF1454" />
  <Part arch="16Exxx" procid="0xA455" name="PIC16LF1455" />
  <Part arch="16Exxx" procid="0xA459" name="PIC16LF1459" />
  <Part arch="16Exxx" procid="0xA503" name="PIC16LF1503" />
  <Part arch="16Exxx" procid="0xA507" name="PIC16LF1507" />
  <Part arch="16Exxx" procid="0xA508" name="PIC16LF1508" />
  <Part arch="16Exxx" procid="0xA509" name="PIC16LF1509" />
  <Part arch="16Exxx" procid="0xA512" name="PIC16LF1512" />
  <Part arch="16Exxx" procid="0xA513" name="PIC16LF1513" />
  <Part arch="16Exxx" procid="0xA516" name="PIC16LF1516" />
  <Part arch="16Exxx" procid="0xA517" name="PIC16LF1517" />
  <Part arch="16Exxx" procid="0xA518" name="PIC16LF1518" />
  <Part arch="16Exxx" procid="0xA519" name="PIC16LF1519" />
  <Part arch="16Exxx" procid="0xA526" name="PIC16LF1526" />
  <Part arch="16Exxx" procid="0xA527" name="PIC16LF1527" />
  <Part arch="16Exxx" procid="0xA554" name="PIC16LF1554" clonedfrom="PIC16LF1508" />
  <Part arch="16Exxx" procid="0xA559" name="PIC16LF1559" clonedfrom="PIC16LF1554" />
  <Part arch="16Exxx" procid="0xA566" name="PIC16LF1566" clonedfrom="PIC16LF1567" />
  <Part arch="16Exxx" procid="0xA567" name="PIC16LF1567" clonedfrom="PIC16LF1559" />
  <Part arch="16Exxx" procid="0xA574" name="PIC16LF1574" clonedfrom="PIC12F1572" />
  <Part arch="16Exxx" procid="0xA575" name="PIC16LF1575" clonedfrom="PIC12F1572" />
  <Part arch="16Exxx" procid="0xA578" name="PIC16LF1578" clonedfrom="PIC16F1578" />
  <Part arch="16Exxx" procid="0xA579" name="PIC16LF1579" clonedfrom="PIC16F1574" />
  <Part arch="16Exxx" procid="0xA613" name="PIC16LF1613" clonedfrom="PIC16F1613" />
  <Part arch="16Exxx" procid="0xA614" name="PIC16LF1614" clonedfrom="PIC16F1614" />
  <Part arch="16Exxx" procid="0xA615" name="PIC16LF1615" clonedfrom="PIC16F1615" />
  <Part arch="16Exxx" procid="0xA618" name="PIC16LF1618" clonedfrom="PIC16F1618" />
  <Part arch="16Exxx" procid="0xA619" name="PIC16LF1619" clonedfrom="PIC16F1619" />
  <Part arch="16Exxx" procid="0xA703" name="PIC16LF1703" clonedfrom="PIC16F1704" />
  <Part arch="16Exxx" procid="0xA704" name="PIC16LF1704" clonedfrom="PIC16F1704" />
  <Part arch="16Exxx" procid="0xA705" name="PIC16LF1705" clonedfrom="PIC16F1705" />
  <Part arch="16Exxx" procid="0xA707" name="PIC16LF1707" clonedfrom="PIC16F1707" />
  <Part arch="16Exxx" procid="0xA708" name="PIC16LF1708" clonedfrom="PIC16F1708" />
  <Part arch="16Exxx" procid="0xA709" name="PIC16LF1709" clonedfrom="PIC16F1709" />
  <Part arch="16Exxx" procid="0xA713" name="PIC16LF1713" clonedfrom="PIC16F1713" />
  <Part arch="16Exxx" procid="0xB716" name="PIC16LF1716" clonedfrom="PIC16F1716" />
  <Part arch="16Exxx" procid="0xA717" name="PIC16LF1717" clonedfrom="PIC16F1717" />
  <Part arch="16Exxx" procid="0xA718" name="PIC16LF1718" clonedfrom="PIC16F1718" />
  <Part arch="16Exxx" procid="0xA719" name="PIC16LF1719" clonedfrom="PIC16F1719" />
  <Part arch="16Exxx" procid="0xA764" name="PIC16LF1764" clonedfrom="PIC16F1764" />
  <Part arch="16Exxx" procid="0xA765" name="PIC16LF1765" clonedfrom="PIC16F1765" />
  <Part arch="16Exxx" procid="0xA768" name="PIC16LF1768" clonedfrom="PIC16F1768" />
  <Part arch="16Exxx" procid="0xA769" name="PIC16LF1769" clonedfrom="PIC16F1769" />
  <Part arch="16Exxx" procid="0xA773" name="PIC16LF1773" clonedfrom="PIC16F1773" />
  <Part arch="16Exxx" procid="0xA776" name="PIC16LF1776" clonedfrom="PIC16F1776" />
  <Part arch="16Exxx" procid="0xA26D" name="PIC16LF1777" clonedfrom="PIC16F1777" />
  <Part arch="16Exxx" procid="0xA778" name="PIC16LF1778" clonedfrom="PIC16F1778" />
  <Part arch="16Exxx" procid="0xA779" name="PIC16LF1779" clonedfrom="PIC16F1779" />
  <Part arch="16Exxx" procid="0xA782" name="PIC16LF1782" />
  <Part arch="16Exxx" procid="0xA783" name="PIC16LF1783" />
  <Part arch="16Exxx" procid="0xA784" name="PIC16LF1784" />
  <Part arch="16Exxx" procid="0xA786" name="PIC16LF1786" />
  <Part arch="16Exxx" procid="0xA787" name="PIC16LF1787" />
  <Part arch="16Exxx" procid="0xA788" name="PIC16LF1788" />
  <Part arch="16Exxx" procid="0xA789" name="PIC16LF1789" />
  <Part arch="16Exxx" procid="0xA823" name="PIC16LF1823" />
  <Part arch="16Exxx" procid="0xA824" name="PIC16LF1824" />
  <Part arch="16Exxx" procid="0xC824" name="PIC16LF1824T39A" />
  <Part arch="16Exxx" procid="0xA825" name="PIC16LF1825" />
  <Part arch="16Exxx" procid="0xA826" name="PIC16LF1826" />
  <Part arch="16Exxx" procid="0xA827" name="PIC16LF1827" />
  <Part arch="16Exxx" procid="0xA828" name="PIC16LF1828" />
  <Part arch="16Exxx" procid="0xA829" name="PIC16LF1829" />
  <Part arch="16Exxx" procid="0xA847" name="PIC16LF1847" />
  <Part arch="16Exxx" procid="0xA902" name="PIC16LF1902" />
  <Part arch="16Exxx" procid="0xA903" name="PIC16LF1903" />
  <Part arch="16Exxx" procid="0xA904" name="PIC16LF1904" />
  <Part arch="16Exxx" procid="0xA906" name="PIC16LF1906" />
  <Part arch="16Exxx" procid="0xA907" name="PIC16LF1907" />
  <Part arch="16Exxx" procid="0xA933" name="PIC16LF1933" />
  <Part arch="16Exxx" procid="0xA934" name="PIC16LF1934" />
  <Part arch="16Exxx" procid="0xA936" name="PIC16LF1936" />
  <Part arch="16Exxx" procid="0xA937" name="PIC16LF1937" />
  <Part arch="16Exxx" procid="0xA938" name="PIC16LF1938" />
  <Part arch="16Exxx" procid="0xA939" name="PIC16LF1939" />
  <Part arch="16Exxx" procid="0xA946" name="PIC16LF1946" />
  <Part arch="16Exxx" procid="0xA947" name="PIC16LF1947" />
  <Part arch="16Exxx" procid="0xA2AE" name="PIC16F15313" clonedfrom="PIC16F15323" />
  <Part arch="16Exxx" procid="0xA2AF" name="PIC16F15323" clonedfrom="PIC16F15324" />
  <Part arch="16Exxx" procid="0xA2AA" name="PIC16F15324" clonedfrom="PIC16F15344" />
  <Part arch="16Exxx" procid="0xA29E" name="PIC16F15325" clonedfrom="PIC16F15355" />
  <Part arch="16Exxx" procid="0xA2AB" name="PIC16F15344" clonedfrom="PIC16F15345" />
  <Part arch="16Exxx" procid="0xA29F" name="PIC16F15345" clonedfrom="PIC16F15325" />
  <Part arch="16Exxx" procid="0xA280" name="PIC16F15354" clonedfrom="PIC16F18854" />
  <Part arch="16Exxx" procid="0xA27F" name="PIC16F15355" clonedfrom="PIC16F15354" />
  <Part arch="16Exxx" procid="0xA290" name="PIC16F15356" clonedfrom="PIC16F15356" />
  <Part arch="16Exxx" procid="0xA292" name="PIC16F15375" clonedfrom="PIC16F15355" />
  <Part arch="16Exxx" procid="0xA294" name="PIC16F15376" clonedfrom="PIC16F15356" />
  <Part arch="16Exxx" procid="0xA296" name="PIC16F15385" clonedfrom="PIC16F15386" />
  <Part arch="16Exxx" procid="0xA298" name="PIC16F15386" clonedfrom="PIC16F15376" />
  <Part arch="16Exxx" procid="0x1832" name="PIC16F18313" clonedfrom="PIC12F1832" />
  <Part arch="16Exxx" procid="0x1833" name="PIC16F18323" clonedfrom="PIC16F1704" />
  <Part arch="16Exxx" procid="0x8324" name="PIC16F18324" clonedfrom="PIC16F18325" />
  <Part arch="16Exxx" procid="0x1835" name="PIC16F18325" clonedfrom="PIC16F18323" />
  <Part arch="16Exxx" procid="0x8326" name="PIC16F18326" clonedfrom="PIC16F18325" />
  <Part arch="16Exxx" procid="0x8344" name="PIC16F18344" clonedfrom="PIC16F18324" />
  <Part arch="16Exxx" procid="0x1834" name="PIC16F18345" clonedfrom="PIC16F18325" />
  <Part arch="16Exxx" procid="0x8346" name="PIC16F18346" clonedfrom="PIC16F18345" />
  <Part arch="16Exxx" procid="0xA2DB" name="PIC16F18424" clonedfrom="PIC16F18426" />
  <Part arch="16Exxx" procid="0xA2DD" name="PIC16F18425" clonedfrom="PIC16F18426" />
  <Part arch="16Exxx" procid="0xA2D6" name="PIC16F18426" clonedfrom="PIC16F18446" />
  <Part arch="16Exxx" procid="0xA2DF" name="PIC16F18444" clonedfrom="PIC16F18445" />
  <Part arch="16Exxx" procid="0xA2E1" name="PIC16F18445" clonedfrom="PIC16F18446" />
  <Part arch="16Exxx" procid="0xA2D8" name="PIC16F18446" clonedfrom="PIC16F15356" />
  <Part arch="16Exxx" procid="0xA2E3" name="PIC16F18455" clonedfrom="PIC16F18456" />
  <Part arch="16Exxx" procid="0xA2E4" name="PIC16F18456" clonedfrom="PIC16F18446" />
  <Part arch="16Exxx" procid="0x8854" name="PIC16F18854" clonedfrom="PIC16F18855" />
  <Part arch="16Exxx" procid="0x8855" name="PIC16F18855" clonedfrom="PIC16F18875" />
  <Part arch="16Exxx" procid="0x8856" name="PIC16F18856" clonedfrom="PIC16F18855" />
  <Part arch="16Exxx" procid="0x8857" name="PIC16F18857" clonedfrom="PIC16LF18875" />
  <Part arch="16Exxx" procid="0x8875" name="PIC16F18875" clonedfrom="PIC16F18877" />
  <Part arch="16Exxx" procid="0x8876" name="PIC16F18876" clonedfrom="PIC16F18875" />
  <Part arch="16Exxx" procid="0x8877" name="PIC16F18877" clonedfrom="PIC16LF18875" />
  <Part arch="16Exxx" procid="0xA2B2" name="PIC16F19155" clonedfrom="PIC16F19156" />
  <Part arch="16Exxx" procid="0xA2B3" name="PIC16F19156" clonedfrom="PIC16F19176" />
  <Part arch="16Exxx" procid="0xA2B4" name="PIC16F19175" clonedfrom="PIC16F19176" />
  <Part arch="16Exxx" procid="0xA2B5" name="PIC16F19176" clonedfrom="PIC16F19186" />
  <Part arch="16Exxx" procid="0xA2B6" name="PIC16F19185" clonedfrom="PIC16F19186" />
  <Part arch="16Exxx" procid="0xA2B7" name="PIC16F19186" clonedfrom="PIC16F19196" />
  <Part arch="16Exxx" procid="0xA279" name="PIC16F19195" clonedfrom="PIC16F19196" />
  <Part arch="16Exxx" procid="0xA27A" name="PIC16F19196" clonedfrom="PIC16F19197" />
  <Part arch="16Exxx" procid="0xA27B" name="PIC16F19197" clonedfrom="PIC16F18877" />
  <Part arch="16Exxx" procid="0xA2B0" name="PIC16LF15313" clonedfrom="PIC16F15313" />
  <Part arch="16Exxx" procid="0xA2B1" name="PIC16LF15323" clonedfrom="PIC16F15323" />
  <Part arch="16Exxx" procid="0xA2AC" name="PIC16LF15324" clonedfrom="PIC16F15324" />
  <Part arch="16Exxx" procid="0xA2A0" name="PIC16LF15325" clonedfrom="PIC16F15325" />
  <Part arch="16Exxx" procid="0xA2AD" name="PIC16LF15344" clonedfrom="PIC16F15344" />
  <Part arch="16Exxx" procid="0xA2A1" name="PIC16LF15345" clonedfrom="PIC16F15345" />
  <Part arch="16Exxx" procid="0xA282" name="PIC16LF15354" clonedfrom="PIC16F15354" />
  <Part arch="16Exxx" procid="0xA281" name="PIC16LF15355" clonedfrom="PIC16F15355" />
  <Part arch="16Exxx" procid="0xA291" name="PIC16LF15356" clonedfrom="PIC16F15356" />
  <Part arch="16Exxx" procid="0xA293" name="PIC16LF15375" clonedfrom="PIC16F15356" />
  <Part arch="16Exxx" procid="0xA295" name="PIC16LF15376" clonedfrom="PIC16F15376" />
  <Part arch="16Exxx" procid="0xA297" name="PIC16LF15385" clonedfrom="PIC16F15386" />
  <Part arch="16Exxx" procid="0xA299" name="PIC16LF15386" clonedfrom="PIC16F15376" />
  <Part arch="16Exxx" procid="0xA832" name="PIC16LF18313" clonedfrom="PIC12LF1832" />
  <Part arch="16Exxx" procid="0xA833" name="PIC16LF18323" clonedfrom="PIC16F1704" />
  <Part arch="16Exxx" procid="0xA324" name="PIC16LF18324" clonedfrom="PIC16F18324" />
  <Part arch="16Exxx" procid="0xA325" name="PIC16LF18325" clonedfrom="PIC16F18325" />
  <Part arch="16Exxx" procid="0xA274" name="PIC16LF18326" clonedfrom="PIC16LF18325" />
  <Part arch="16Exxx" procid="0xA344" name="PIC16LF18344" clonedfrom="PIC16LF18324" />
  <Part arch="16Exxx" procid="0xA345" name="PIC16LF18345" clonedfrom="PIC16F18345" />
  <Part arch="16Exxx" procid="0xA275" name="PIC16LF18346" clonedfrom="PIC16LF18345" />
  <Part arch="16Exxx" procid="0xA2DC" name="PIC16LF18424" clonedfrom="PIC16F18424" />
  <Part arch="16Exxx" procid="0xA2DE" name="PIC16LF18425" clonedfrom="PIC16F18425" />
  <Part arch="16Exxx" procid="0xA2D7" name="PIC16LF18426" clonedfrom="PIC16F18426" />
  <Part arch="16Exxx" procid="0xA2E0" name="PIC16LF18444" clonedfrom="PIC16F18444" />
  <Part arch="16Exxx" procid="0xA2DA" name="PIC16LF18445" clonedfrom="PIC16F18445" />
  <Part arch="16Exxx" procid="0xA2D9" name="PIC16LF18446" clonedfrom="PIC16F18446" />
  <Part arch="16Exxx" procid="0xA2E5" name="PIC16LF18455" clonedfrom="PIC16F18455" />
  <Part arch="16Exxx" procid="0xA2E6" name="PIC16LF18456" clonedfrom="PIC16F18456" />
  <Part arch="16Exxx" procid="0xA854" name="PIC16LF18854" clonedfrom="PIC16F18855" />
  <Part arch="16Exxx" procid="0xA855" name="PIC16LF18855" clonedfrom="PIC16F18855" />
  <Part arch="16Exxx" procid="0xA856" name="PIC16LF18856" clonedfrom="PIC16F18855" />
  <Part arch="16Exxx" procid="0xA857" name="PIC16LF18857" clonedfrom="PIC16LF18875" />
  <Part arch="16Exxx" procid="0xA875" name="PIC16LF18875" clonedfrom="PIC16F18875" />
  <Part arch="16Exxx" procid="0xA876" name="PIC16LF18876" clonedfrom="PIC16F18875" />
  <Part arch="16Exxx" procid="0xA877" name="PIC16LF18877" clonedfrom="PIC16LF18875" />
  <Part arch="16Exxx" procid="0xA2B8" name="PIC16LF19155" clonedfrom="PIC16F19155" />
  <Part arch="16Exxx" procid="0xA2B9" name="PIC16LF19156" clonedfrom="PIC16F19156" />
  <Part arch="16Exxx" procid="0xA2BA" name="PIC16LF19175" clonedfrom="PIC16F19175" />
  <Part arch="16Exxx" procid="0xA2BB" name="PIC16LF19176" clonedfrom="PIC16F19176" />
  <Part arch="16Exxx" procid="0xA2BC" name="PIC16LF19185" clonedfrom="PIC16F19185" />
  <Part arch="16Exxx" procid="0xA2BD" name="PIC16LF19186" clonedfrom="PIC16F19186" />
  <Part arch="16Exxx" procid="0xA27C" name="PIC16LF19195" clonedfrom="PIC16F19195" />
  <Part arch="16Exxx" procid="0xA27D" name="PIC16LF19196" clonedfrom="PIC16F19196" />
  <Part arch="16Exxx" procid="0xA27E" name="PIC16LF19197" clonedfrom="PIC16F19197" />
  <Part arch="16xxxx" procid="0xF610" name="PIC16F610" />
  <Part arch="16xxxx" procid="0xF616" name="PIC16F616" />
  <Part arch="16xxxx" procid="0x6627" name="PIC16F627" />
  <Part arch="16xxxx" procid="0x627A" name="PIC16F627A" />
  <Part arch="16xxxx" procid="0x6628" name="PIC16F628" />
  <Part arch="16xxxx" procid="0x628A" name="PIC16F628A" />
  <Part arch="16xxxx" procid="0x6630" name="PIC16F630" />
  <Part arch="16xxxx" procid="0x6631" name="PIC16F631" />
  <Part arch="16xxxx" procid="0xF636" name="PIC16F636" />
  <Part arch="16xxxx" procid="0xF639" name="PIC16F639" />
  <Part arch="16xxxx" procid="0x648A" name="PIC16F648A" />
  <Part arch="16xxxx" procid="0x6676" name="PIC16F676" />
  <Part arch="16xxxx" procid="0x6677" name="PIC16F677" />
  <Part arch="16xxxx" procid="0x6684" name="PIC16F684" />
  <Part arch="16xxxx" procid="0x6685" name="PIC16F685" />
  <Part arch="16xxxx" procid="0x6687" name="PIC16F687" />
  <Part arch="16xxxx" procid="0x6688" name="PIC16F688" />
  <Part arch="16xxxx" procid="0x6689" name="PIC16F689" />
  <Part arch="16xxxx" procid="0x6690" name="PIC16F690" />
  <Part arch="16xxxx" procid="0xF707" name="PIC16F707" />
  <Part arch="16xxxx" procid="0xF716" name="PIC16F716" />
  <Part arch="16xxxx" procid="0x672F" name="PIC16F72" />
  <Part arch="16xxxx" procid="0xF720" name="PIC16F720" />
  <Part arch="16xxxx" procid="0xF721" name="PIC16F721" />
  <Part arch="16xxxx" procid="0xF722" name="PIC16F722" />
  <Part arch="16xxxx" procid="0xA722" name="PIC16F722A" />
  <Part arch="16xxxx" procid="0xF723" name="PIC16F723" />
  <Part arch="16xxxx" procid="0xA723" name="PIC16F723A" />
  <Part arch="16xxxx" procid="0xF724" name="PIC16F724" />
  <Part arch="16xxxx" procid="0xF726" name="PIC16F726" />
  <Part arch="16xxxx" procid="0xF727" name="PIC16F727" />
  <Part arch="16xxxx" procid="0x673F" name="PIC16F73" />
  <Part arch="16xxxx" procid="0x6737" name="PIC16F737" />
  <Part arch="16xxxx" procid="0x674F" name="PIC16F74" />
  <Part arch="16xxxx" procid="0x6747" name="PIC16F747" />
  <Part arch="16xxxx" procid="0xF753" name="PIC16F753" />
  <Part arch="16xxxx" procid="0x676F" name="PIC16F76" />
  <Part arch="16xxxx" procid="0x6767" name="PIC16F767" />
  <Part arch="16xxxx" procid="0x677F" name="PIC16F77" />
  <Part arch="16xxxx" procid="0x6777" name="PIC16F777" />
  <Part arch="16xxxx" procid="0xF785" name="PIC16F785" />
  <Part arch="16xxxx" procid="0x818F" name="PIC16F818" />
  <Part arch="16xxxx" procid="0x819F" name="PIC16F819" />
  <Part arch="16xxxx" procid="0x6C83" name="PIC16F83" />
  <Part arch="16xxxx" procid="0x684A" name="PIC16F84" />
  <Part arch="16xxxx" procid="0x6F84" name="PIC16F84A" />
  <Part arch="16xxxx" procid="0x687F" name="PIC16F87" />
  <Part arch="16xxxx" procid="0x870F" name="PIC16F870" />
  <Part arch="16xxxx" procid="0x871F" name="PIC16F871" />
  <Part arch="16xxxx" procid="0x872F" name="PIC16F872" />
  <Part arch="16xxxx" procid="0x873F" name="PIC16F873" />
  <Part arch="16xxxx" procid="0x873A" name="PIC16F873A" />
  <Part arch="16xxxx" procid="0x874F" name="PIC16F874" />
  <Part arch="16xxxx" procid="0x874A" name="PIC16F874A" />
  <Part arch="16xxxx" procid="0x876F" name="PIC16F876" />
  <Part arch="16xxxx" procid="0x876A" name="PIC16F876A" />
  <Part arch="16xxxx" procid="0x877F" name="PIC16F877" />
  <Part arch="16xxxx" procid="0x877A" name="PIC16F877A" />
  <Part arch="16xxxx" procid="0x688F" name="PIC16F88" />
  <Part arch="16xxxx" procid="0x882F" name="PIC16F882" />
  <Part arch="16xxxx" procid="0x883F" name="PIC16F883" />
  <Part arch="16xxxx" procid="0x884F" name="PIC16F884" />
  <Part arch="16xxxx" procid="0x886F" name="PIC16F886" />
  <Part arch="16xxxx" procid="0x887F" name="PIC16F887" />
  <Part arch="16xxxx" procid="0xF913" name="PIC16F913" />
  <Part arch="16xxxx" procid="0xF914" name="PIC16F914" />
  <Part arch="16xxxx" procid="0xF916" name="PIC16F916" />
  <Part arch="16xxxx" procid="0xF917" name="PIC16F917" />
  <Part arch="16xxxx" procid="0xF946" name="PIC16F946" />
  <Part arch="16xxxx" procid="0x6610" name="PIC16HV610" />
  <Part arch="16xxxx" procid="0x6616" name="PIC16HV616" />
  <Part arch="16xxxx" procid="0x6753" name="PIC16HV753" clonedfrom="PIC16F753" />
  <Part arch="16xxxx" procid="0x6785" name="PIC16HV785" />
  <Part arch="16xxxx" procid="0xA627" name="PIC16LF627" clonedfrom="PIC16F627" />
  <Part arch="16xxxx" procid="0xC627" name="PIC16LF627A" clonedfrom="PIC16F627A" />
  <Part arch="16xxxx" procid="0xB628" name="PIC16LF628" clonedfrom="PIC16F628" />
  <Part arch="16xxxx" procid="0xC628" name="PIC16LF628A" clonedfrom="PIC16F628A" />
  <Part arch="16xxxx" procid="0xC648" name="PIC16LF648A" clonedfrom="PIC16F648A" />
  <Part arch="16xxxx" procid="0xD707" name="PIC16LF707" />
  <Part arch="16xxxx" procid="0xD720" name="PIC16LF720" />
  <Part arch="16xxxx" procid="0xD721" name="PIC16LF721" />
  <Part arch="16xxxx" procid="0xD722" name="PIC16LF722" />
  <Part arch="16xxxx" procid="0xB722" name="PIC16LF722A" />
  <Part arch="16xxxx" procid="0xD723" name="PIC16LF723" />
  <Part arch="16xxxx" procid="0xB723" name="PIC16LF723A" />
  <Part arch="16xxxx" procid="0xD724" name="PIC16LF724" />
  <Part arch="16xxxx" procid="0xD726" name="PIC16LF726" />
  <Part arch="16xxxx" procid="0xD727" name="PIC16LF727" />
  <Part arch="16xxxx" procid="0xA2E9" name="PIC16LF73" />
  <Part arch="16xxxx" procid="0xA674" name="PIC16LF74" clonedfrom="PIC16F74" />
  <Part arch="16xxxx" procid="0xA747" name="PIC16LF747" clonedfrom="PIC16F747" />
  <Part arch="16xxxx" procid="0xA676" name="PIC16LF76" clonedfrom="PIC16F76" />
  <Part arch="16xxxx" procid="0xA767" name="PIC16LF767" clonedfrom="PIC16F767" />
  <Part arch="16xxxx" procid="0xA677" name="PIC16LF77" clonedfrom="PIC16F77" />
  <Part arch="16xxxx" procid="0xA777" name="PIC16LF777" clonedfrom="PIC16F777" />
  <Part arch="16xxxx" procid="0xA818" name="PIC16LF818" clonedfrom="PIC16F818" />
  <Part arch="16xxxx" procid="0xA819" name="PIC16LF819" clonedfrom="PIC16F819" />
  <Part arch="16xxxx" procid="0xA683" name="PIC16LF83" clonedfrom="PIC16F83" />
  <Part arch="16xxxx" procid="0xA684" name="PIC16LF84" clonedfrom="PIC16F84" />
  <Part arch="16xxxx" procid="0xA685" name="PIC16LF84A" clonedfrom="PIC16F84A" />
  <Part arch="16xxxx" procid="0xA807" name="PIC16LF87" clonedfrom="PIC16F87" />
  <Part arch="16xxxx" procid="0xA870" name="PIC16LF870" clonedfrom="PIC16F870" />
  <Part arch="16xxxx" procid="0xA871" name="PIC16LF871" clonedfrom="PIC16F871" />
  <Part arch="16xxxx" procid="0xA800" name="PIC16LF872" clonedfrom="PIC16F872" />
  <Part arch="16xxxx" procid="0xA873" name="PIC16LF873" clonedfrom="PIC16F873" />
  <Part arch="16xxxx" procid="0xA803" name="PIC16LF873A" clonedfrom="PIC16F873A" />
  <Part arch="16xxxx" procid="0xA874" name="PIC16LF874" clonedfrom="PIC16F874" />
  <Part arch="16xxxx" procid="0xA804" name="PIC16LF874A" clonedfrom="PIC16F874A" />
  <Part arch="16xxxx" procid="0xA801" name="PIC16LF876" clonedfrom="PIC16F876" />
  <Part arch="16xxxx" procid="0xA805" name="PIC16LF876A" clonedfrom="PIC16F876A" />
  <Part arch="16xxxx" procid="0xA802" name="PIC16LF877" clonedfrom="PIC16F877" />
  <Part arch="16xxxx" procid="0xA806" name="PIC16LF877A" clonedfrom="PIC16F877A" />
  <Part arch="16xxxx" procid="0xA808" name="PIC16LF88" clonedfrom="PIC16F88" />
  <Part arch="18xxxx" procid="0x8242" name="PIC18C242" />
  <Part arch="18xxxx" procid="0x8252" name="PIC18C252" />
  <Part arch="18xxxx" procid="0x8442" name="PIC18C442" />
  <Part arch="18xxxx" procid="0x8452" name="PIC18C452" />
  <Part arch="18xxxx" procid="0x8601" name="PIC18C601" />
  <Part arch="18xxxx" procid="0x8658" name="PIC18C658" />
  <Part arch="18xxxx" procid="0x8801" name="PIC18C801" />
  <Part arch="18xxxx" procid="0x8858" name="PIC18C858" />
  <Part arch="18xxxx" procid="0xB132" name="PIC18F13K22" />
  <Part arch="18xxxx" procid="0xA135" name="PIC18F13K50" />
  <Part arch="18xxxx" procid="0xB142" name="PIC18F14K22" />
  <Part arch="18xxxx" procid="0xC142" name="PIC18F14K22LIN" />
  <Part arch="18xxxx" procid="0xA145" name="PIC18F14K50" />
  <Part arch="18xxxx" procid="0xD320" name="PIC18F23K20" />
  <Part arch="18xxxx" procid="0xD322" name="PIC18F23K22" />
  <Part arch="18xxxx" procid="0xD420" name="PIC18F24K20" />
  <Part arch="18xxxx" procid="0xD422" name="PIC18F24K22" />
  <Part arch="18xxxx" procid="0x2440" name="PIC18F24K40" clonedfrom="PIC18F25K40" />
  <Part arch="18xxxx" procid="0xA29A" name="PIC18F24K42" clonedfrom="PIC18F24K40" />
  <Part arch="18xxxx" procid="0xD451" name="PIC18F24K50" />
  <Part arch="18xxxx" procid="0xD520" name="PIC18F25K20" />
  <Part arch="18xxxx" procid="0xD522" name="PIC18F25K22" />
  <Part arch="18xxxx" procid="0x2540" name="PIC18F25K40" clonedfrom="PIC18F47K40" />
  <Part arch="18xxxx" procid="0xA29B" name="PIC18F25K42" clonedfrom="PIC18F24K42" />
  <Part arch="18xxxx" procid="0xD551" name="PIC18F25K50" />
  <Part arch="18xxxx" procid="0xA580" name="PIC18F25K80" />
  <Part arch="18xxxx" procid="0xA2C8" name="PIC18F25K83" clonedfrom="PIC18F25K42" />
  <Part arch="18xxxx" procid="0xD620" name="PIC18F26K20" />
  <Part arch="18xxxx" procid="0xD622" name="PIC18F26K22" />
  <Part arch="18xxxx" procid="0x2640" name="PIC18F26K40" clonedfrom="PIC18F46K40" />
  <Part arch="18xxxx" procid="0xA2BE" name="PIC18F26K42" clonedfrom="PIC18F25K42" />
  <Part arch="18xxxx" procid="0xA680" name="PIC18F26K80" />
  <Part arch="18xxxx" procid="0xA2C9" name="PIC18F26K83" clonedfrom="PIC18F25K42" />
  <Part arch="18xxxx" procid="0x2740" name="PIC18F27K40" clonedfrom="PIC18F26K40" />
  <Part arch="18xxxx" procid="0xA2CB" name="PIC18F27K42" clonedfrom="PIC18F26K42" />
  <Part arch="18xxxx" procid="0xE320" name="PIC18F43K20" />
  <Part arch="18xxxx" procid="0xE322" name="PIC18F43K22" />
  <Part arch="18xxxx" procid="0xE420" name="PIC18F44K20" />
  <Part arch="18xxxx" procid="0xE422" name="PIC18F44K22" />
  <Part arch="18xxxx" procid="0xE520" name="PIC18F45K20" />
  <Part arch="18xxxx" procid="0xE522" name="PIC18F45K22" />
  <Part arch="18xxxx" procid="0x4540" name="PIC18F45K40" clonedfrom="PIC18F46K40" />
  <Part arch="18xxxx" procid="0xA2C0" name="PIC18F45K42" clonedfrom="PIC18F55K42" />
  <Part arch="18xxxx" procid="0xE551" name="PIC18F45K50" />
  <Part arch="18xxxx" procid="0xB580" name="PIC18F45K80" />
  <Part arch="18xxxx" procid="0xE620" name="PIC18F46K20" />
  <Part arch="18xxxx" procid="0xE622" name="PIC18F46K22" />
  <Part arch="18xxxx" procid="0x4640" name="PIC18F46K40" clonedfrom="PIC18F45K40" />
  <Part arch="18xxxx" procid="0xA2C4" name="PIC18F46K42" clonedfrom="PIC18F56K42" />
  <Part arch="18xxxx" procid="0xB680" name="PIC18F46K80" />
  <Part arch="18xxxx" procid="0x4740" name="PIC18F47K40" clonedfrom="PIC18F46K40" />
  <Part arch="18xxxx" procid="0xA2CD" name="PIC18F47K42" clonedfrom="PIC18F46K42" />
  <Part arch="18xxxx" procid="0xA2C2" name="PIC18F55K42" clonedfrom="PIC18F56K42" />
  <Part arch="18xxxx" procid="0xA2C6" name="PIC18F56K42" clonedfrom="PIC18F26K42" />
  <Part arch="18xxxx" procid="0xA2CF" name="PIC18F57K42" clonedfrom="PIC18F56K42" />
  <Part arch="18xxxx" procid="0x6522" name="PIC18F65K22" />
  <Part arch="18xxxx" procid="0xA26F" name="PIC18F65K40" clonedfrom="PIC18F66K40" />
  <Part arch="18xxxx" procid="0xC580" name="PIC18F65K80" />
  <Part arch="18xxxx" procid="0xB591" name="PIC18F65K90" />
  <Part arch="18xxxx" procid="0xB622" name="PIC18F66K22" />
  <Part arch="18xxxx" procid="0x6640" name="PIC18F66K40" clonedfrom="PIC18F67K40" />
  <Part arch="18xxxx" procid="0xC680" name="PIC18F66K80" />
  <Part arch="18xxxx" procid="0xB691" name="PIC18F66K90" />
  <Part arch="18xxxx" procid="0x6722" name="PIC18F67K22" />
  <Part arch="18xxxx" procid="0x6740" name="PIC18F67K40" clonedfrom="PIC18F47K40" />
  <Part arch="18xxxx" procid="0xB790" name="PIC18F67K90" />
  <Part arch="18xxxx" procid="0x8522" name="PIC18F85K22" />
  <Part arch="18xxxx" procid="0xC591" name="PIC18F85K90" />
  <Part arch="18xxxx" procid="0xC622" name="PIC18F86K22" />
  <Part arch="18xxxx" procid="0xC690" name="PIC18F86K90" />
  <Part arch="18xxxx" procid="0x8722" name="PIC18F87K22" />
  <Part arch="18xxxx" procid="0xC790" name="PIC18F87K90" />
  <Part arch="18xxxx" procid="0xA133" name="PIC18LF13K22" />
  <Part arch="18xxxx" procid="0xD135" name="PIC18LF13K50" />
  <Part arch="18xxxx" procid="0xA142" name="PIC18LF14K22" />
  <Part arch="18xxxx" procid="0xD145" name="PIC18LF14K50" />
  <Part arch="18xxxx" procid="0xB322" name="PIC18LF23K22" />
  <Part arch="18xxxx" procid="0xB422" name="PIC18LF24K22" />
  <Part arch="18xxxx" procid="0xC244" name="PIC18LF24K40" clonedfrom="PIC18F24K40" />
  <Part arch="18xxxx" procid="0xA29C" name="PIC18LF24K42" clonedfrom="PIC18F24K42" />
  <Part arch="18xxxx" procid="0xD452" name="PIC18LF24K50" />
  <Part arch="18xxxx" procid="0xB522" name="PIC18LF25K22" />
  <Part arch="18xxxx" procid="0xC254" name="PIC18LF25K40" clonedfrom="PIC18F25K40" />
  <Part arch="18xxxx" procid="0xA29D" name="PIC18LF25K42" clonedfrom="PIC18F25K42" />
  <Part arch="18xxxx" procid="0xD552" name="PIC18LF25K50" />
  <Part arch="18xxxx" procid="0xD580" name="PIC18LF25K80" />
  <Part arch="18xxxx" procid="0xA2D1" name="PIC18LF25K83" clonedfrom="PIC18F25K42" />
  <Part arch="18xxxx" procid="0xB623" name="PIC18LF26K22" />
  <Part arch="18xxxx" procid="0xA640" name="PIC18LF26K40" clonedfrom="PIC18F26K40" />
  <Part arch="18xxxx" procid="0xA2BF" name="PIC18LF26K42" clonedfrom="PIC18F26K42" />
  <Part arch="18xxxx" procid="0xD680" name="PIC18LF26K80" />
  <Part arch="18xxxx" procid="0xA2CA" name="PIC18LF26K83" clonedfrom="PIC18F25K42" />
  <Part arch="18xxxx" procid="0xA277" name="PIC18LF27K40" clonedfrom="PIC18LF26K40" />
  <Part arch="18xxxx" procid="0xA2CC" name="PIC18LF27K42" clonedfrom="PIC18LF26K42" />
  <Part arch="18xxxx" procid="0xC322" name="PIC18LF43K22" />
  <Part arch="18xxxx" procid="0xC422" name="PIC18LF44K22" />
  <Part arch="18xxxx" procid="0xC522" name="PIC18LF45K22" />
  <Part arch="18xxxx" procid="0xC454" name="PIC18LF45K40" clonedfrom="PIC18LF46K40" />
  <Part arch="18xxxx" procid="0xA2C1" name="PIC18LF45K42" clonedfrom="PIC18F45K42" />
  <Part arch="18xxxx" procid="0xE552" name="PIC18LF45K50" />
  <Part arch="18xxxx" procid="0xE580" name="PIC18LF45K80" />
  <Part arch="18xxxx" procid="0xC623" name="PIC18LF46K22" />
  <Part arch="18xxxx" procid="0xA26E" name="PIC18LF46K40" clonedfrom="PIC18F46K40" />
  <Part arch="18xxxx" procid="0xA2C5" name="PIC18LF46K42" clonedfrom="PIC18F46K42" />
  <Part arch="18xxxx" procid="0xE680" name="PIC18LF46K80" />
  <Part arch="18xxxx" procid="0xA276" name="PIC18LF47K40" clonedfrom="PIC18LF46K40" />
  <Part arch="18xxxx" procid="0xA2CE" name="PIC18LF47K42" clonedfrom="PIC18LF46K42" />
  <Part arch="18xxxx" procid="0xA2C3" name="PIC18LF55K42" clonedfrom="PIC18F55K42" />
  <Part arch="18xxxx" procid="0xA2C7" name="PIC18LF56K42" clonedfrom="PIC18F56K42" />
  <Part arch="18xxxx" procid="0xA2D0" name="PIC18LF57K42" clonedfrom="PIC18LF56K42" />
  <Part arch="18xxxx" procid="0xA270" name="PIC18LF65K40" clonedfrom="PIC18F65K40" />
  <Part arch="18xxxx" procid="0xF580" name="PIC18LF65K80" />
  <Part arch="18xxxx" procid="0xA271" name="PIC18LF66K40" clonedfrom="PIC18F66K40" />
  <Part arch="18xxxx" procid="0xF680" name="PIC18LF66K80" />
  <Part arch="18xxxx" procid="0xA278" name="PIC18LF67K40" clonedfrom="PIC18F67K40" />
  <Part arch="18xxxx" procid="0xA122" name="PIC18F1220" />
  <Part arch="18xxxx" procid="0x1230" name="PIC18F1230" />
  <Part arch="18xxxx" procid="0xA132" name="PIC18F1320" />
  <Part arch="18xxxx" procid="0x1330" name="PIC18F1330" />
  <Part arch="18xxxx" procid="0xA222" name="PIC18F2220" />
  <Part arch="18xxxx" procid="0x2221" name="PIC18F2221" />
  <Part arch="18xxxx" procid="0xA232" name="PIC18F2320" />
  <Part arch="18xxxx" procid="0x2321" name="PIC18F2321" />
  <Part arch="18xxxx" procid="0x2331" name="PIC18F2331" />
  <Part arch="18xxxx" procid="0x2410" name="PIC18F2410" />
  <Part arch="18xxxx" procid="0x242F" name="PIC18F242" />
  <Part arch="18xxxx" procid="0x2420" name="PIC18F2420" />
  <Part arch="18xxxx" procid="0x2423" name="PIC18F2423" />
  <Part arch="18xxxx" procid="0x2431" name="PIC18F2431" />
  <Part arch="18xxxx" procid="0x2439" name="PIC18F2439" />
  <Part arch="18xxxx" procid="0x2450" name="PIC18F2450" />
  <Part arch="18xxxx" procid="0x2455" name="PIC18F2455" />
  <Part arch="18xxxx" procid="0x2458" name="PIC18F2458" />
  <Part arch="18xxxx" procid="0x8248" name="PIC18F248" />
  <Part arch="18xxxx" procid="0x2480" name="PIC18F2480" />
  <Part arch="18xxxx" procid="0x2510" name="PIC18F2510" />
  <Part arch="18xxxx" procid="0x2515" name="PIC18F2515" />
  <Part arch="18xxxx" procid="0x252F" name="PIC18F252" />
  <Part arch="18xxxx" procid="0x2520" name="PIC18F2520" />
  <Part arch="18xxxx" procid="0x2523" name="PIC18F2523" />
  <Part arch="18xxxx" procid="0x2525" name="PIC18F2525" />
  <Part arch="18xxxx" procid="0x2539" name="PIC18F2539" />
  <Part arch="18xxxx" procid="0x2550" name="PIC18F2550" />
  <Part arch="18xxxx" procid="0x2553" name="PIC18F2553" />
  <Part arch="18xxxx" procid="0x8258" name="PIC18F258" />
  <Part arch="18xxxx" procid="0x2580" name="PIC18F2580" />
  <Part arch="18xxxx" procid="0x2585" name="PIC18F2585" />
  <Part arch="18xxxx" procid="0x2610" name="PIC18F2610" />
  <Part arch="18xxxx" procid="0x2620" name="PIC18F2620" />
  <Part arch="18xxxx" procid="0x2680" name="PIC18F2680" />
  <Part arch="18xxxx" procid="0x2682" name="PIC18F2682" />
  <Part arch="18xxxx" procid="0x2685" name="PIC18F2685" />
  <Part arch="18xxxx" procid="0xA422" name="PIC18F4220" />
  <Part arch="18xxxx" procid="0x4221" name="PIC18F4221" />
  <Part arch="18xxxx" procid="0xA432" name="PIC18F4320" />
  <Part arch="18xxxx" procid="0x4321" name="PIC18F4321" />
  <Part arch="18xxxx" procid="0x4331" name="PIC18F4331" />
  <Part arch="18xxxx" procid="0x4410" name="PIC18F4410" />
  <Part arch="18xxxx" procid="0x442F" name="PIC18F442" />
  <Part arch="18xxxx" procid="0x4420" name="PIC18F4420" />
  <Part arch="18xxxx" procid="0x4423" name="PIC18F4423" />
  <Part arch="18xxxx" procid="0x4431" name="PIC18F4431" />
  <Part arch="18xxxx" procid="0x4439" name="PIC18F4439" />
  <Part arch="18xxxx" procid="0x4450" name="PIC18F4450" />
  <Part arch="18xxxx" procid="0x4455" name="PIC18F4455" />
  <Part arch="18xxxx" procid="0x4458" name="PIC18F4458" />
  <Part arch="18xxxx" procid="0x8448" name="PIC18F448" />
  <Part arch="18xxxx" procid="0x4480" name="PIC18F4480" />
  <Part arch="18xxxx" procid="0x4510" name="PIC18F4510" />
  <Part arch="18xxxx" procid="0x4515" name="PIC18F4515" />
  <Part arch="18xxxx" procid="0x452F" name="PIC18F452" />
  <Part arch="18xxxx" procid="0x4520" name="PIC18F4520" />
  <Part arch="18xxxx" procid="0x4523" name="PIC18F4523" />
  <Part arch="18xxxx" procid="0x4525" name="PIC18F4525" />
  <Part arch="18xxxx" procid="0x4539" name="PIC18F4539" />
  <Part arch="18xxxx" procid="0x4550" name="PIC18F4550" />
  <Part arch="18xxxx" procid="0x4553" name="PIC18F4553" />
  <Part arch="18xxxx" procid="0x8458" name="PIC18F458" />
  <Part arch="18xxxx" procid="0x4580" name="PIC18F4580" />
  <Part arch="18xxxx" procid="0x4585" name="PIC18F4585" />
  <Part arch="18xxxx" procid="0x4610" name="PIC18F4610" />
  <Part arch="18xxxx" procid="0x4620" name="PIC18F4620" />
  <Part arch="18xxxx" procid="0x4680" name="PIC18F4680" />
  <Part arch="18xxxx" procid="0x4682" name="PIC18F4682" />
  <Part arch="18xxxx" procid="0x4685" name="PIC18F4685" />
  <Part arch="18xxxx" procid="0x6310" name="PIC18F6310" />
  <Part arch="18xxxx" procid="0x6390" name="PIC18F6390" />
  <Part arch="18xxxx" procid="0x6393" name="PIC18F6393" />
  <Part arch="18xxxx" procid="0x6410" name="PIC18F6410" />
  <Part arch="18xxxx" procid="0x6490" name="PIC18F6490" />
  <Part arch="18xxxx" procid="0x6493" name="PIC18F6493" />
  <Part arch="18xxxx" procid="0xA652" name="PIC18F6520" />
  <Part arch="18xxxx" procid="0x6525" name="PIC18F6525" />
  <Part arch="18xxxx" procid="0x6527" name="PIC18F6527" />
  <Part arch="18xxxx" procid="0x6585" name="PIC18F6585" />
  <Part arch="18xxxx" procid="0xA662" name="PIC18F6620" />
  <Part arch="18xxxx" procid="0xA621" name="PIC18F6621" />
  <Part arch="18xxxx" procid="0xF622" name="PIC18F6622" />
  <Part arch="18xxxx" procid="0xF625" name="PIC18F6627" />
  <Part arch="18xxxx" procid="0xA628" name="PIC18F6628" />
  <Part arch="18xxxx" procid="0x6680" name="PIC18F6680" />
  <Part arch="18xxxx" procid="0xA672" name="PIC18F6720" />
  <Part arch="18xxxx" procid="0x6721" name="PIC18F6722" />
  <Part arch="18xxxx" procid="0x6723" name="PIC18F6723" />
  <Part arch="18xxxx" procid="0x8310" name="PIC18F8310" />
  <Part arch="18xxxx" procid="0x8390" name="PIC18F8390" />
  <Part arch="18xxxx" procid="0x8393" name="PIC18F8393" />
  <Part arch="18xxxx" procid="0x8410" name="PIC18F8410" />
  <Part arch="18xxxx" procid="0x8490" name="PIC18F8490" />
  <Part arch="18xxxx" procid="0x8493" name="PIC18F8493" />
  <Part arch="18xxxx" procid="0xA852" name="PIC18F8520" />
  <Part arch="18xxxx" procid="0x8525" name="PIC18F8525" />
  <Part arch="18xxxx" procid="0x8527" name="PIC18F8527" />
  <Part arch="18xxxx" procid="0x8585" name="PIC18F8585" />
  <Part arch="18xxxx" procid="0xA862" name="PIC18F8620" />
  <Part arch="18xxxx" procid="0x8621" name="PIC18F8621" />
  <Part arch="18xxxx" procid="0x8622" name="PIC18F8622" />
  <Part arch="18xxxx" procid="0x8625" name="PIC18F8627" />
  <Part arch="18xxxx" procid="0x8628" name="PIC18F8628" />
  <Part arch="18xxxx" procid="0x8680" name="PIC18F8680" />
  <Part arch="18xxxx" procid="0xA872" name="PIC18F8720" />
  <Part arch="18xxxx" procid="0x8721" name="PIC18F8722" />
  <Part arch="18xxxx" procid="0x8723" name="PIC18F8723" />
  <Part arch="18xxxx" procid="0xA120" name="PIC18LF1220" clonedfrom="PIC18F1220" />
  <Part arch="18xxxx" procid="0xA121" name="PIC18LF1230" clonedfrom="PIC18F1230" />
  <Part arch="18xxxx" procid="0xA130" name="PIC18LF1320" clonedfrom="PIC18F1320" />
  <Part arch="18xxxx" procid="0xA131" name="PIC18LF1330" clonedfrom="PIC18F1330" />
  <Part arch="18xxxx" procid="0xA200" name="PIC18LF2220" clonedfrom="PIC18F2220" />
  <Part arch="18xxxx" procid="0xA201" name="PIC18LF2221" clonedfrom="PIC18F2221" />
  <Part arch="18xxxx" procid="0xA202" name="PIC18LF2320" clonedfrom="PIC18F2320" />
  <Part arch="18xxxx" procid="0xA203" name="PIC18LF2321" clonedfrom="PIC18F2321" />
  <Part arch="18xxxx" procid="0xA204" name="PIC18LF2331" clonedfrom="PIC18F2331" />
  <Part arch="18xxxx" procid="0xA205" name="PIC18LF2410" clonedfrom="PIC18F2410" />
  <Part arch="18xxxx" procid="0xA208" name="PIC18LF242" clonedfrom="PIC18F242" />
  <Part arch="18xxxx" procid="0xA206" name="PIC18LF2420" clonedfrom="PIC18F2420" />
  <Part arch="18xxxx" procid="0xA207" name="PIC18LF2423" clonedfrom="PIC18F2423" />
  <Part arch="18xxxx" procid="0xA209" name="PIC18LF2431" clonedfrom="PIC18F2431" />
  <Part arch="18xxxx" procid="0xA210" name="PIC18LF2439" clonedfrom="PIC18F2439" />
  <Part arch="18xxxx" procid="0xA20A" name="PIC18LF2450" clonedfrom="PIC18F2450" />
  <Part arch="18xxxx" procid="0xA20B" name="PIC18LF2455" clonedfrom="PIC18F2455" />
  <Part arch="18xxxx" procid="0xA20C" name="PIC18LF2458" clonedfrom="PIC18F2458" />
  <Part arch="18xxxx" procid="0xA20E" name="PIC18LF248" clonedfrom="PIC18F248" />
  <Part arch="18xxxx" procid="0xA20D" name="PIC18LF2480" clonedfrom="PIC18F2480" />
  <Part arch="18xxxx" procid="0xA20F" name="PIC18LF2510" clonedfrom="PIC18F2510" />
  <Part arch="18xxxx" procid="0xA211" name="PIC18LF2515" clonedfrom="PIC18F2515" />
  <Part arch="18xxxx" procid="0xA215" name="PIC18LF252" clonedfrom="PIC18F252" />
  <Part arch="18xxxx" procid="0xA212" name="PIC18LF2520" clonedfrom="PIC18F2520" />
  <Part arch="18xxxx" procid="0xA213" name="PIC18LF2523" clonedfrom="PIC18F2523" />
  <Part arch="18xxxx" procid="0xA214" name="PIC18LF2525" clonedfrom="PIC18F2525" />
  <Part arch="18xxxx" procid="0xA216" name="PIC18LF2539" clonedfrom="PIC18F2539" />
  <Part arch="18xxxx" procid="0xA217" name="PIC18LF2550" clonedfrom="PIC18F2550" />
  <Part arch="18xxxx" procid="0xA218" name="PIC18LF2553" clonedfrom="PIC18F2553" />
  <Part arch="18xxxx" procid="0xA21B" name="PIC18LF258" clonedfrom="PIC18F258" />
  <Part arch="18xxxx" procid="0xA219" name="PIC18LF2580" clonedfrom="PIC18F2580" />
  <Part arch="18xxxx" procid="0xA21A" name="PIC18LF2585" clonedfrom="PIC18F2585" />
  <Part arch="18xxxx" procid="0xA21C" name="PIC18LF2610" clonedfrom="PIC18F2610" />
  <Part arch="18xxxx" procid="0xA21D" name="PIC18LF2620" clonedfrom="PIC18F2620" />
  <Part arch="18xxxx" procid="0xA21E" name="PIC18LF2680" clonedfrom="PIC18F2680" />
  <Part arch="18xxxx" procid="0xA21F" name="PIC18LF2682" clonedfrom="PIC18F2682" />
  <Part arch="18xxxx" procid="0xA220" name="PIC18LF2685" clonedfrom="PIC18F2685" />
  <Part arch="18xxxx" procid="0xA223" name="PIC18LF4220" clonedfrom="PIC18F4220" />
  <Part arch="18xxxx" procid="0xA224" name="PIC18LF4221" clonedfrom="PIC18F4221" />
  <Part arch="18xxxx" procid="0xA225" name="PIC18LF4320" clonedfrom="PIC18F4320" />
  <Part arch="18xxxx" procid="0xA226" name="PIC18LF4321" clonedfrom="PIC18F4321" />
  <Part arch="18xxxx" procid="0xA227" name="PIC18LF4331" clonedfrom="PIC18F4331" />
  <Part arch="18xxxx" procid="0xA228" name="PIC18LF4410" clonedfrom="PIC18F4410" />
  <Part arch="18xxxx" procid="0xA22A" name="PIC18LF442" clonedfrom="PIC18F442" />
  <Part arch="18xxxx" procid="0xA229" name="PIC18LF4420" clonedfrom="PIC18F4420" />
  <Part arch="18xxxx" procid="0xA22B" name="PIC18LF4423" clonedfrom="PIC18F4423" />
  <Part arch="18xxxx" procid="0xA22C" name="PIC18LF4431" clonedfrom="PIC18F4431" />
  <Part arch="18xxxx" procid="0xA22D" name="PIC18LF4439" clonedfrom="PIC18F4439" />
  <Part arch="18xxxx" procid="0xA22E" name="PIC18LF4450" clonedfrom="PIC18F4450" />
  <Part arch="18xxxx" procid="0xA22F" name="PIC18LF4455" clonedfrom="PIC18F4455" />
  <Part arch="18xxxx" procid="0xA230" name="PIC18LF4458" clonedfrom="PIC18F4458" />
  <Part arch="18xxxx" procid="0xA233" name="PIC18LF448" clonedfrom="PIC18F448" />
  <Part arch="18xxxx" procid="0xA231" name="PIC18LF4480" clonedfrom="PIC18F4480" />
  <Part arch="18xxxx" procid="0xA234" name="PIC18LF4510" clonedfrom="PIC18F4510" />
  <Part arch="18xxxx" procid="0xA235" name="PIC18LF4515" clonedfrom="PIC18F4515" />
  <Part arch="18xxxx" procid="0xA236" name="PIC18LF452" clonedfrom="PIC18F452" />
  <Part arch="18xxxx" procid="0xA237" name="PIC18LF4520" clonedfrom="PIC18F4520" />
  <Part arch="18xxxx" procid="0xA238" name="PIC18LF4523" clonedfrom="PIC18F4523" />
  <Part arch="18xxxx" procid="0xA239" name="PIC18LF4525" clonedfrom="PIC18F4525" />
  <Part arch="18xxxx" procid="0xA23A" name="PIC18LF4539" clonedfrom="PIC18F4539" />
  <Part arch="18xxxx" procid="0xA23B" name="PIC18LF4550" clonedfrom="PIC18F4550" />
  <Part arch="18xxxx" procid="0xA23C" name="PIC18LF4553" clonedfrom="PIC18F4553" />
  <Part arch="18xxxx" procid="0xA23F" name="PIC18LF458" clonedfrom="PIC18F458" />
  <Part arch="18xxxx" procid="0xA23D" name="PIC18LF4580" clonedfrom="PIC18F4580" />
  <Part arch="18xxxx" procid="0xA23E" name="PIC18LF4585" clonedfrom="PIC18F4585" />
  <Part arch="18xxxx" procid="0xA240" name="PIC18LF4610" clonedfrom="PIC18F4610" />
  <Part arch="18xxxx" procid="0xA242" name="PIC18LF4620" clonedfrom="PIC18F4620" />
  <Part arch="18xxxx" procid="0xA243" name="PIC18LF4680" clonedfrom="PIC18F4680" />
  <Part arch="18xxxx" procid="0xA244" name="PIC18LF4682" clonedfrom="PIC18F4682" />
  <Part arch="18xxxx" procid="0xA245" name="PIC18LF4685" clonedfrom="PIC18F4685" />
  <Part arch="18xxxx" procid="0xA246" name="PIC18LF6310" clonedfrom="PIC18F6310" />
  <Part arch="18xxxx" procid="0xA247" name="PIC18LF6390" clonedfrom="PIC18F6390" />
  <Part arch="18xxxx" procid="0xA248" name="PIC18LF6393" clonedfrom="PIC18F6393" />
  <Part arch="18xxxx" procid="0xA249" name="PIC18LF6410" clonedfrom="PIC18F6410" />
  <Part arch="18xxxx" procid="0xA24A" name="PIC18LF6490" clonedfrom="PIC18F6490" />
  <Part arch="18xxxx" procid="0xA24B" name="PIC18LF6493" clonedfrom="PIC18F6493" />
  <Part arch="18xxxx" procid="0xA24C" name="PIC18LF6520" clonedfrom="PIC18F6520" />
  <Part arch="18xxxx" procid="0xA24D" name="PIC18LF6525" clonedfrom="PIC18F6525" />
  <Part arch="18xxxx" procid="0xA24E" name="PIC18LF6527" clonedfrom="PIC18F6527" />
  <Part arch="18xxxx" procid="0xA24F" name="PIC18LF6585" clonedfrom="PIC18F6585" />
  <Part arch="18xxxx" procid="0xA250" name="PIC18LF6620" clonedfrom="PIC18F6620" />
  <Part arch="18xxxx" procid="0xA252" name="PIC18LF6621" clonedfrom="PIC18F6621" />
  <Part arch="18xxxx" procid="0xA253" name="PIC18LF6622" clonedfrom="PIC18F6622" />
  <Part arch="18xxxx" procid="0xA254" name="PIC18LF6627" clonedfrom="PIC18F6627" />
  <Part arch="18xxxx" procid="0xA255" name="PIC18LF6628" clonedfrom="PIC18F6628" />
  <Part arch="18xxxx" procid="0xA256" name="PIC18LF6680" clonedfrom="PIC18F6680" />
  <Part arch="18xxxx" procid="0xA257" name="PIC18LF6720" clonedfrom="PIC18F6720" />
  <Part arch="18xxxx" procid="0xA258" name="PIC18LF6722" clonedfrom="PIC18F6722" />
  <Part arch="18xxxx" procid="0xA259" name="PIC18LF6723" clonedfrom="PIC18F6723" />
  <Part arch="18xxxx" procid="0xA25A" name="PIC18LF8310" clonedfrom="PIC18F8310" />
  <Part arch="18xxxx" procid="0xA25B" name="PIC18LF8390" clonedfrom="PIC18F8390" />
  <Part arch="18xxxx" procid="0xA25C" name="PIC18LF8393" clonedfrom="PIC18F8393" />
  <Part arch="18xxxx" procid="0xA25D" name="PIC18LF8410" clonedfrom="PIC18F8410" />
  <Part arch="18xxxx" procid="0xA25E" name="PIC18LF8490" clonedfrom="PIC18F8490" />
  <Part arch="18xxxx" procid="0xA25F" name="PIC18LF8493" clonedfrom="PIC18F8493" />
  <Part arch="18xxxx" procid="0xA260" name="PIC18LF8520" clonedfrom="PIC18F8520" />
  <Part arch="18xxxx" procid="0xA261" name="PIC18LF8525" clonedfrom="PIC18F8525" />
  <Part arch="18xxxx" procid="0xA262" name="PIC18LF8527" clonedfrom="PIC18F8527" />
  <Part arch="18xxxx" procid="0xA263" name="PIC18LF8585" clonedfrom="PIC18F8585" />
  <Part arch="18xxxx" procid="0xA264" name="PIC18LF8620" clonedfrom="PIC18F8620" />
  <Part arch="18xxxx" procid="0xA265" name="PIC18LF8621" clonedfrom="PIC18F8621" />
  <Part arch="18xxxx" procid="0xA266" name="PIC18LF8622" clonedfrom="PIC18F8622" />
  <Part arch="18xxxx" procid="0xA267" name="PIC18LF8627" clonedfrom="PIC18F8627" />
  <Part arch="18xxxx" procid="0xA268" name="PIC18LF8628" clonedfrom="PIC18F8628" />
  <Part arch="18xxxx" procid="0xA269" name="PIC18LF8680" clonedfrom="PIC18F8680" />
  <Part arch="18xxxx" procid="0xA26A" name="PIC18LF8720" clonedfrom="PIC18F8720" />
  <Part arch="18xxxx" procid="0xA26B" name="PIC18LF8722" clonedfrom="PIC18F8722" />
  <Part arch="18xxxx" procid="0xA26C" name="PIC18LF8723" clonedfrom="PIC18F8723" />
</PICPartInfo>