<?xml version="1.0" encoding="utf-8" standalone="yes"?>
<!--Generated on dimanche 12 janvier 2020 at 00:00.-->
<PICPartInfo version="v5.30" defaultlegacy="0x8452" defaultextended="0x4620">
  <Part name="PIC12C671" arch="16xxxx" procid="0x2671" />
  <Part name="PIC12C672" arch="16xxxx" procid="0x2672" />
  <Part name="PIC12CE673" arch="16xxxx" procid="0x2673" />
  <Part name="PIC12CE674" arch="16xxxx" procid="0x2674" />
  <Part name="PIC16C432" arch="16xxxx" procid="0x6432" />
  <Part name="PIC16C433" arch="16xxxx" procid="0x6433" />
  <Part name="PIC16C554" arch="16xxxx" procid="0x6554" />
  <Part name="PIC16C557" arch="16xxxx" procid="0x6557" />
  <Part name="PIC16C558" arch="16xxxx" procid="0x6558" />
  <Part name="PIC16C620" arch="16xxxx" procid="0x6620" />
  <Part name="PIC16C620A" arch="16xxxx" procid="0x620A" />
  <Part name="PIC16C621" arch="16xxxx" procid="0x6621" />
  <Part name="PIC16C621A" arch="16xxxx" procid="0x621A" />
  <Part name="PIC16C622" arch="16xxxx" procid="0x6622" />
  <Part name="PIC16C622A" arch="16xxxx" procid="0x622A" />
  <Part name="PIC16C62A" arch="16xxxx" procid="0x662A" />
  <Part name="PIC16C62B" arch="16xxxx" procid="0x662B" />
  <Part name="PIC16C63" arch="16xxxx" procid="0x6C63" />
  <Part name="PIC16C63A" arch="16xxxx" procid="0x663A" />
  <Part name="PIC16C642" arch="16xxxx" procid="0x6642" />
  <Part name="PIC16C64A" arch="16xxxx" procid="0x664A" />
  <Part name="PIC16C65A" arch="16xxxx" procid="0x665A" />
  <Part name="PIC16C65B" arch="16xxxx" procid="0x665B" />
  <Part name="PIC16C66" arch="16xxxx" procid="0x6C66" />
  <Part name="PIC16C662" arch="16xxxx" procid="0x6662" />
  <Part name="PIC16C67" arch="16xxxx" procid="0x6C67" />
  <Part name="PIC16C71" arch="16xxxx" procid="0x6C71" />
  <Part name="PIC16C710" arch="16xxxx" procid="0x6710" />
  <Part name="PIC16C711" arch="16xxxx" procid="0x6711" />
  <Part name="PIC16C712" arch="16xxxx" procid="0x6712" />
  <Part name="PIC16C715" arch="16xxxx" procid="0x6715" />
  <Part name="PIC16C716" arch="16xxxx" procid="0x6716" />
  <Part name="PIC16C717" arch="16xxxx" procid="0x6717" />
  <Part name="PIC16C72" arch="16xxxx" procid="0x6C72" />
  <Part name="PIC16C72A" arch="16xxxx" procid="0x672A" />
  <Part name="PIC16C73A" arch="16xxxx" procid="0x673A" />
  <Part name="PIC16C73B" arch="16xxxx" procid="0x673B" />
  <Part name="PIC16C745" arch="16xxxx" procid="0x6745" />
  <Part name="PIC16C74A" arch="16xxxx" procid="0x674A" />
  <Part name="PIC16C74B" arch="16xxxx" procid="0x674B" />
  <Part name="PIC16C76" arch="16xxxx" procid="0x6C76" />
  <Part name="PIC16C765" arch="16xxxx" procid="0x6765" />
  <Part name="PIC16C77" arch="16xxxx" procid="0x6C77" />
  <Part name="PIC16C770" arch="16xxxx" procid="0x6770" />
  <Part name="PIC16C771" arch="16xxxx" procid="0x6771" />
  <Part name="PIC16C773" arch="16xxxx" procid="0x6773" />
  <Part name="PIC16C774" arch="16xxxx" procid="0x6774" />
  <Part name="PIC16C781" arch="16xxxx" procid="0x6781" />
  <Part name="PIC16C782" arch="16xxxx" procid="0x6782" />
  <Part name="PIC16C923" arch="16xxxx" procid="0x6923" />
  <Part name="PIC16C924" arch="16xxxx" procid="0x6924" />
  <Part name="PIC16C925" arch="16xxxx" procid="0x6925" />
  <Part name="PIC16C926" arch="16xxxx" procid="0x6926" />
  <Part name="PIC16CE623" arch="16xxxx" procid="0x6623" />
  <Part name="PIC16CE624" arch="16xxxx" procid="0x6624" />
  <Part name="PIC16CE625" arch="16xxxx" procid="0x6625" />
  <Part name="PIC16CR62" arch="16xxxx" procid="0xDC62" />
  <Part name="PIC16CR620A" arch="16xxxx" procid="0xD20A" />
  <Part name="PIC16CR63" arch="16xxxx" procid="0x6D63" />
  <Part name="PIC16CR64" arch="16xxxx" procid="0xDC64" />
  <Part name="PIC16CR65" arch="16xxxx" procid="0x6D65" />
  <Part name="PIC16CR72" arch="16xxxx" procid="0x6D72" />
  <Part name="PIC16CR73" arch="16xxxx" procid="0x6D73" />
  <Part name="PIC16CR74" arch="16xxxx" procid="0x6D74" />
  <Part name="PIC16CR76" arch="16xxxx" procid="0x6D76" />
  <Part name="PIC16CR77" arch="16xxxx" procid="0x6D77" />
  <Part name="PIC16CR83" arch="16xxxx" procid="0xDC83" />
  <Part name="PIC16CR84" arch="16xxxx" procid="0xDC84" />
  <Part name="PIC16CR926" arch="16xxxx" procid="0xD926" />
  <Part name="PIC12F1501" arch="16Exxx" procid="0x1501" />
  <Part name="PIC12F1571" arch="16Exxx" clonedfrom="PIC12F1572" procid="0x1571" />
  <Part name="PIC12F1572" arch="16Exxx" clonedfrom="PIC12F1822" procid="0x1572" />
  <Part name="PIC12F1612" arch="16Exxx" clonedfrom="PIC16F1613" procid="0x1612" />
  <Part name="PIC12F1822" arch="16Exxx" procid="0x1822" />
  <Part name="PIC12F1840" arch="16Exxx" procid="0x1840" />
  <Part name="PIC12LF1501" arch="16Exxx" procid="0xA501" />
  <Part name="PIC12LF1552" arch="16Exxx" procid="0xA552" />
  <Part name="PIC12LF1571" arch="16Exxx" clonedfrom="PIC12F1571" procid="0xA571" />
  <Part name="PIC12LF1572" arch="16Exxx" clonedfrom="PIC12F1572" procid="0xA572" />
  <Part name="PIC12LF1612" arch="16Exxx" clonedfrom="PIC16LF1613" procid="0xA612" />
  <Part name="PIC12LF1822" arch="16Exxx" procid="0xA822" />
  <Part name="PIC12LF1840" arch="16Exxx" procid="0xA840" />
  <Part name="PIC12LF1840T39A" arch="16Exxx" procid="0xC840" />
  <Part name="PIC12LF1840T48A" arch="16Exxx" procid="0xB840" />
  <Part name="PIC16F1454" arch="16Exxx" procid="0x1454" />
  <Part name="PIC16F1455" arch="16Exxx" procid="0x1455" />
  <Part name="PIC16F1459" arch="16Exxx" procid="0x1459" />
  <Part name="PIC16F1503" arch="16Exxx" procid="0x1503" />
  <Part name="PIC16F1507" arch="16Exxx" procid="0x1507" />
  <Part name="PIC16F1508" arch="16Exxx" procid="0x1508" />
  <Part name="PIC16F1509" arch="16Exxx" procid="0x1509" />
  <Part name="PIC16F1512" arch="16Exxx" procid="0x1512" />
  <Part name="PIC16F1513" arch="16Exxx" procid="0x1513" />
  <Part name="PIC16F1516" arch="16Exxx" procid="0x1516" />
  <Part name="PIC16F1517" arch="16Exxx" procid="0x1517" />
  <Part name="PIC16F1518" arch="16Exxx" procid="0x1518" />
  <Part name="PIC16F1519" arch="16Exxx" procid="0x1519" />
  <Part name="PIC16F1526" arch="16Exxx" procid="0x1526" />
  <Part name="PIC16F1527" arch="16Exxx" procid="0x1527" />
  <Part name="PIC16F1574" arch="16Exxx" clonedfrom="PIC12F1572" procid="0x1574" />
  <Part name="PIC16F1575" arch="16Exxx" clonedfrom="PIC12F1572" procid="0x1575" />
  <Part name="PIC16F1578" arch="16Exxx" clonedfrom="PIC16F1574" procid="0x1578" />
  <Part name="PIC16F1579" arch="16Exxx" clonedfrom="PIC16F1574" procid="0x1579" />
  <Part name="PIC16F1613" arch="16Exxx" clonedfrom="PIC16F1509" procid="0x1613" />
  <Part name="PIC16F1614" arch="16Exxx" clonedfrom="PIC16F1618" procid="0x1614" />
  <Part name="PIC16F1615" arch="16Exxx" clonedfrom="PIC16LF1615" procid="0x1615" />
  <Part name="PIC16F1618" arch="16Exxx" clonedfrom="PIC16F1619" procid="0x1618" />
  <Part name="PIC16F1619" arch="16Exxx" clonedfrom="PIC16F1618" procid="0x1619" />
  <Part name="PIC16F1703" arch="16Exxx" clonedfrom="PIC16LF1703" procid="0x1703" />
  <Part name="PIC16F1704" arch="16Exxx" clonedfrom="PIC16F1708" procid="0x1704" />
  <Part name="PIC16F1705" arch="16Exxx" clonedfrom="PIC16F1704" procid="0x1705" />
  <Part name="PIC16F1707" arch="16Exxx" clonedfrom="PIC16LF1707" procid="0x1707" />
  <Part name="PIC16F1708" arch="16Exxx" clonedfrom="PIC16F1509" procid="0x1708" />
  <Part name="PIC16F1709" arch="16Exxx" clonedfrom="PIC16F1708" procid="0x1709" />
  <Part name="PIC16F1713" arch="16Exxx" clonedfrom="PIC16F1713" procid="0x1713" />
  <Part name="PIC16F1716" arch="16Exxx" clonedfrom="PIC16F1713" procid="0x1716" />
  <Part name="PIC16F1717" arch="16Exxx" clonedfrom="PIC16F1718" procid="0x1717" />
  <Part name="PIC16F1718" arch="16Exxx" clonedfrom="PIC16F1716" procid="0x1718" />
  <Part name="PIC16F1719" arch="16Exxx" clonedfrom="PIC16F1718" procid="0x1719" />
  <Part name="PIC16F1764" arch="16Exxx" clonedfrom="PIC16F1768" procid="0x1764" />
  <Part name="PIC16F1765" arch="16Exxx" clonedfrom="PIC16F1769" procid="0x1765" />
  <Part name="PIC16F1768" arch="16Exxx" clonedfrom="PIC16F1708" procid="0x1768" />
  <Part name="PIC16F1769" arch="16Exxx" clonedfrom="PIC16F1768" procid="0x1769" />
  <Part name="PIC16F1773" arch="16Exxx" clonedfrom="PIC16F1776" procid="0x1773" />
  <Part name="PIC16F1776" arch="16Exxx" clonedfrom="PIC16F1769" procid="0x1776" />
  <Part name="PIC16F1777" arch="16Exxx" clonedfrom="PIC16F1779" procid="0x1777" />
  <Part name="PIC16F1778" arch="16Exxx" clonedfrom="PIC16F1776" procid="0x1778" />
  <Part name="PIC16F1779" arch="16Exxx" clonedfrom="PIC16F1776" procid="0x1779" />
  <Part name="PIC16F1782" arch="16Exxx" procid="0x1782" />
  <Part name="PIC16F1783" arch="16Exxx" procid="0x1783" />
  <Part name="PIC16F1784" arch="16Exxx" procid="0x1784" />
  <Part name="PIC16F1786" arch="16Exxx" procid="0x1786" />
  <Part name="PIC16F1787" arch="16Exxx" procid="0x1787" />
  <Part name="PIC16F1788" arch="16Exxx" procid="0x1788" />
  <Part name="PIC16F1789" arch="16Exxx" procid="0x1789" />
  <Part name="PIC16F1823" arch="16Exxx" procid="0x1823" />
  <Part name="PIC16F1824" arch="16Exxx" procid="0x1824" />
  <Part name="PIC16F1825" arch="16Exxx" procid="0x1825" />
  <Part name="PIC16F1826" arch="16Exxx" procid="0x1826" />
  <Part name="PIC16F1827" arch="16Exxx" procid="0x1827" />
  <Part name="PIC16F1828" arch="16Exxx" procid="0x1828" />
  <Part name="PIC16F1829" arch="16Exxx" procid="0x1829" />
  <Part name="PIC16F1829LIN" arch="16Exxx" clonedfrom="PIC16F1829" procid="0xB829" />
  <Part name="PIC16F1847" arch="16Exxx" procid="0x1847" />
  <Part name="PIC16F1933" arch="16Exxx" procid="0x1933" />
  <Part name="PIC16F1934" arch="16Exxx" procid="0x1934" />
  <Part name="PIC16F1936" arch="16Exxx" procid="0x1936" />
  <Part name="PIC16F1937" arch="16Exxx" procid="0x1937" />
  <Part name="PIC16F1938" arch="16Exxx" procid="0x1938" />
  <Part name="PIC16F1939" arch="16Exxx" procid="0x1939" />
  <Part name="PIC16F1946" arch="16Exxx" procid="0x1946" />
  <Part name="PIC16F1947" arch="16Exxx" procid="0x1947" />
  <Part name="PIC16LF1454" arch="16Exxx" procid="0xA454" />
  <Part name="PIC16LF1455" arch="16Exxx" procid="0xA455" />
  <Part name="PIC16LF1459" arch="16Exxx" procid="0xA459" />
  <Part name="PIC16LF1503" arch="16Exxx" procid="0xA503" />
  <Part name="PIC16LF1507" arch="16Exxx" procid="0xA507" />
  <Part name="PIC16LF1508" arch="16Exxx" procid="0xA508" />
  <Part name="PIC16LF1509" arch="16Exxx" procid="0xA509" />
  <Part name="PIC16LF1512" arch="16Exxx" procid="0xA512" />
  <Part name="PIC16LF1513" arch="16Exxx" procid="0xA513" />
  <Part name="PIC16LF1516" arch="16Exxx" procid="0xA516" />
  <Part name="PIC16LF1517" arch="16Exxx" procid="0xA517" />
  <Part name="PIC16LF1518" arch="16Exxx" procid="0xA518" />
  <Part name="PIC16LF1519" arch="16Exxx" procid="0xA519" />
  <Part name="PIC16LF1526" arch="16Exxx" procid="0xA526" />
  <Part name="PIC16LF1527" arch="16Exxx" procid="0xA527" />
  <Part name="PIC16LF1554" arch="16Exxx" clonedfrom="PIC16LF1508" procid="0xA554" />
  <Part name="PIC16LF1559" arch="16Exxx" clonedfrom="PIC16LF1554" procid="0xA559" />
  <Part name="PIC16LF1566" arch="16Exxx" clonedfrom="PIC16LF1567" procid="0xA566" />
  <Part name="PIC16LF1567" arch="16Exxx" clonedfrom="PIC16LF1559" procid="0xA567" />
  <Part name="PIC16LF1574" arch="16Exxx" clonedfrom="PIC12F1572" procid="0xA574" />
  <Part name="PIC16LF1575" arch="16Exxx" clonedfrom="PIC12F1572" procid="0xA575" />
  <Part name="PIC16LF1578" arch="16Exxx" clonedfrom="PIC16F1578" procid="0xA578" />
  <Part name="PIC16LF1579" arch="16Exxx" clonedfrom="PIC16F1574" procid="0xA579" />
  <Part name="PIC16LF1613" arch="16Exxx" clonedfrom="PIC16F1613" procid="0xA613" />
  <Part name="PIC16LF1614" arch="16Exxx" clonedfrom="PIC16F1614" procid="0xA614" />
  <Part name="PIC16LF1615" arch="16Exxx" clonedfrom="PIC16F1615" procid="0xA615" />
  <Part name="PIC16LF1618" arch="16Exxx" clonedfrom="PIC16F1618" procid="0xA618" />
  <Part name="PIC16LF1619" arch="16Exxx" clonedfrom="PIC16F1619" procid="0xA619" />
  <Part name="PIC16LF1703" arch="16Exxx" clonedfrom="PIC16F1704" procid="0xA703" />
  <Part name="PIC16LF1704" arch="16Exxx" clonedfrom="PIC16F1704" procid="0xA704" />
  <Part name="PIC16LF1705" arch="16Exxx" clonedfrom="PIC16F1705" procid="0xA705" />
  <Part name="PIC16LF1707" arch="16Exxx" clonedfrom="PIC16F1707" procid="0xA707" />
  <Part name="PIC16LF1708" arch="16Exxx" clonedfrom="PIC16F1708" procid="0xA708" />
  <Part name="PIC16LF1709" arch="16Exxx" clonedfrom="PIC16F1709" procid="0xA709" />
  <Part name="PIC16LF1713" arch="16Exxx" clonedfrom="PIC16F1713" procid="0xA713" />
  <Part name="PIC16LF1716" arch="16Exxx" clonedfrom="PIC16F1716" procid="0xB716" />
  <Part name="PIC16LF1717" arch="16Exxx" clonedfrom="PIC16F1717" procid="0xA717" />
  <Part name="PIC16LF1718" arch="16Exxx" clonedfrom="PIC16F1718" procid="0xA718" />
  <Part name="PIC16LF1719" arch="16Exxx" clonedfrom="PIC16F1719" procid="0xA719" />
  <Part name="PIC16LF1764" arch="16Exxx" clonedfrom="PIC16F1764" procid="0xA764" />
  <Part name="PIC16LF1765" arch="16Exxx" clonedfrom="PIC16F1765" procid="0xA765" />
  <Part name="PIC16LF1768" arch="16Exxx" clonedfrom="PIC16F1768" procid="0xA768" />
  <Part name="PIC16LF1769" arch="16Exxx" clonedfrom="PIC16F1769" procid="0xA769" />
  <Part name="PIC16LF1773" arch="16Exxx" clonedfrom="PIC16F1773" procid="0xA773" />
  <Part name="PIC16LF1776" arch="16Exxx" clonedfrom="PIC16F1776" procid="0xA776" />
  <Part name="PIC16LF1777" arch="16Exxx" clonedfrom="PIC16F1777" procid="0xA26D" />
  <Part name="PIC16LF1778" arch="16Exxx" clonedfrom="PIC16F1778" procid="0xA778" />
  <Part name="PIC16LF1779" arch="16Exxx" clonedfrom="PIC16F1779" procid="0xA779" />
  <Part name="PIC16LF1782" arch="16Exxx" procid="0xA782" />
  <Part name="PIC16LF1783" arch="16Exxx" procid="0xA783" />
  <Part name="PIC16LF1784" arch="16Exxx" procid="0xA784" />
  <Part name="PIC16LF1786" arch="16Exxx" procid="0xA786" />
  <Part name="PIC16LF1787" arch="16Exxx" procid="0xA787" />
  <Part name="PIC16LF1788" arch="16Exxx" procid="0xA788" />
  <Part name="PIC16LF1789" arch="16Exxx" procid="0xA789" />
  <Part name="PIC16LF1823" arch="16Exxx" procid="0xA823" />
  <Part name="PIC16LF1824" arch="16Exxx" procid="0xA824" />
  <Part name="PIC16LF1824T39A" arch="16Exxx" procid="0xC824" />
  <Part name="PIC16LF1825" arch="16Exxx" procid="0xA825" />
  <Part name="PIC16LF1826" arch="16Exxx" procid="0xA826" />
  <Part name="PIC16LF1827" arch="16Exxx" procid="0xA827" />
  <Part name="PIC16LF1828" arch="16Exxx" procid="0xA828" />
  <Part name="PIC16LF1829" arch="16Exxx" procid="0xA829" />
  <Part name="PIC16LF1847" arch="16Exxx" procid="0xA847" />
  <Part name="PIC16LF1902" arch="16Exxx" procid="0xA902" />
  <Part name="PIC16LF1903" arch="16Exxx" procid="0xA903" />
  <Part name="PIC16LF1904" arch="16Exxx" procid="0xA904" />
  <Part name="PIC16LF1906" arch="16Exxx" procid="0xA906" />
  <Part name="PIC16LF1907" arch="16Exxx" procid="0xA907" />
  <Part name="PIC16LF1933" arch="16Exxx" procid="0xA933" />
  <Part name="PIC16LF1934" arch="16Exxx" procid="0xA934" />
  <Part name="PIC16LF1936" arch="16Exxx" procid="0xA936" />
  <Part name="PIC16LF1937" arch="16Exxx" procid="0xA937" />
  <Part name="PIC16LF1938" arch="16Exxx" procid="0xA938" />
  <Part name="PIC16LF1939" arch="16Exxx" procid="0xA939" />
  <Part name="PIC16LF1946" arch="16Exxx" procid="0xA946" />
  <Part name="PIC16LF1947" arch="16Exxx" procid="0xA947" />
  <Part name="PIC16F15313" arch="16Exxx" clonedfrom="PIC16F15323" procid="0xA2AE" />
  <Part name="PIC16F15323" arch="16Exxx" clonedfrom="PIC16F15324" procid="0xA2AF" />
  <Part name="PIC16F15324" arch="16Exxx" clonedfrom="PIC16F15344" procid="0xA2AA" />
  <Part name="PIC16F15325" arch="16Exxx" clonedfrom="PIC16F15355" procid="0xA29E" />
  <Part name="PIC16F15344" arch="16Exxx" clonedfrom="PIC16F15345" procid="0xA2AB" />
  <Part name="PIC16F15345" arch="16Exxx" clonedfrom="PIC16F15325" procid="0xA29F" />
  <Part name="PIC16F15354" arch="16Exxx" clonedfrom="PIC16F18854" procid="0xA280" />
  <Part name="PIC16F15355" arch="16Exxx" clonedfrom="PIC16F15354" procid="0xA27F" />
  <Part name="PIC16F15356" arch="16Exxx" clonedfrom="PIC16F15356" procid="0xA290" />
  <Part name="PIC16F15375" arch="16Exxx" clonedfrom="PIC16F15355" procid="0xA292" />
  <Part name="PIC16F15376" arch="16Exxx" clonedfrom="PIC16F15356" procid="0xA294" />
  <Part name="PIC16F15385" arch="16Exxx" clonedfrom="PIC16F15386" procid="0xA296" />
  <Part name="PIC16F15386" arch="16Exxx" clonedfrom="PIC16F15376" procid="0xA298" />
  <Part name="PIC16F18313" arch="16Exxx" clonedfrom="PIC12F1832" procid="0x1832" />
  <Part name="PIC16F18323" arch="16Exxx" clonedfrom="PIC16F1704" procid="0x1833" />
  <Part name="PIC16F18324" arch="16Exxx" clonedfrom="PIC16F18325" procid="0x8324" />
  <Part name="PIC16F18325" arch="16Exxx" clonedfrom="PIC16F18323" procid="0x1835" />
  <Part name="PIC16F18326" arch="16Exxx" clonedfrom="PIC16F18325" procid="0x8326" />
  <Part name="PIC16F18344" arch="16Exxx" clonedfrom="PIC16F18324" procid="0x8344" />
  <Part name="PIC16F18345" arch="16Exxx" clonedfrom="PIC16F18325" procid="0x1834" />
  <Part name="PIC16F18346" arch="16Exxx" clonedfrom="PIC16F18345" procid="0x8346" />
  <Part name="PIC16F18424" arch="16Exxx" clonedfrom="PIC16F18426" procid="0xA2DB" />
  <Part name="PIC16F18425" arch="16Exxx" clonedfrom="PIC16F18426" procid="0xA2DD" />
  <Part name="PIC16F18426" arch="16Exxx" clonedfrom="PIC16F18446" procid="0xA2D6" />
  <Part name="PIC16F18444" arch="16Exxx" clonedfrom="PIC16F18445" procid="0xA2DF" />
  <Part name="PIC16F18445" arch="16Exxx" clonedfrom="PIC16F18446" procid="0xA2E1" />
  <Part name="PIC16F18446" arch="16Exxx" clonedfrom="PIC16F15356" procid="0xA2D8" />
  <Part name="PIC16F18455" arch="16Exxx" clonedfrom="PIC16F18456" procid="0xA2E3" />
  <Part name="PIC16F18456" arch="16Exxx" clonedfrom="PIC16F18446" procid="0xA2E4" />
  <Part name="PIC16F18854" arch="16Exxx" clonedfrom="PIC16F18855" procid="0x8854" />
  <Part name="PIC16F18855" arch="16Exxx" clonedfrom="PIC16F18875" procid="0x8855" />
  <Part name="PIC16F18856" arch="16Exxx" clonedfrom="PIC16F18855" procid="0x8856" />
  <Part name="PIC16F18857" arch="16Exxx" clonedfrom="PIC16LF18875" procid="0x8857" />
  <Part name="PIC16F18875" arch="16Exxx" clonedfrom="PIC16F18877" procid="0x8875" />
  <Part name="PIC16F18876" arch="16Exxx" clonedfrom="PIC16F18875" procid="0x8876" />
  <Part name="PIC16F18877" arch="16Exxx" clonedfrom="PIC16LF18875" procid="0x8877" />
  <Part name="PIC16F19155" arch="16Exxx" clonedfrom="PIC16F19156" procid="0xA2B2" />
  <Part name="PIC16F19156" arch="16Exxx" clonedfrom="PIC16F19176" procid="0xA2B3" />
  <Part name="PIC16F19175" arch="16Exxx" clonedfrom="PIC16F19176" procid="0xA2B4" />
  <Part name="PIC16F19176" arch="16Exxx" clonedfrom="PIC16F19186" procid="0xA2B5" />
  <Part name="PIC16F19185" arch="16Exxx" clonedfrom="PIC16F19186" procid="0xA2B6" />
  <Part name="PIC16F19186" arch="16Exxx" clonedfrom="PIC16F19196" procid="0xA2B7" />
  <Part name="PIC16F19195" arch="16Exxx" clonedfrom="PIC16F19196" procid="0xA279" />
  <Part name="PIC16F19196" arch="16Exxx" clonedfrom="PIC16F19197" procid="0xA27A" />
  <Part name="PIC16F19197" arch="16Exxx" clonedfrom="PIC16F18877" procid="0xA27B" />
  <Part name="PIC16LF15313" arch="16Exxx" clonedfrom="PIC16F15313" procid="0xA2B0" />
  <Part name="PIC16LF15323" arch="16Exxx" clonedfrom="PIC16F15323" procid="0xA2B1" />
  <Part name="PIC16LF15324" arch="16Exxx" clonedfrom="PIC16F15324" procid="0xA2AC" />
  <Part name="PIC16LF15325" arch="16Exxx" clonedfrom="PIC16F15325" procid="0xA2A0" />
  <Part name="PIC16LF15344" arch="16Exxx" clonedfrom="PIC16F15344" procid="0xA2AD" />
  <Part name="PIC16LF15345" arch="16Exxx" clonedfrom="PIC16F15345" procid="0xA2A1" />
  <Part name="PIC16LF15354" arch="16Exxx" clonedfrom="PIC16F15354" procid="0xA282" />
  <Part name="PIC16LF15355" arch="16Exxx" clonedfrom="PIC16F15355" procid="0xA281" />
  <Part name="PIC16LF15356" arch="16Exxx" clonedfrom="PIC16F15356" procid="0xA291" />
  <Part name="PIC16LF15375" arch="16Exxx" clonedfrom="PIC16F15356" procid="0xA293" />
  <Part name="PIC16LF15376" arch="16Exxx" clonedfrom="PIC16F15376" procid="0xA295" />
  <Part name="PIC16LF15385" arch="16Exxx" clonedfrom="PIC16F15386" procid="0xA297" />
  <Part name="PIC16LF15386" arch="16Exxx" clonedfrom="PIC16F15376" procid="0xA299" />
  <Part name="PIC16LF18313" arch="16Exxx" clonedfrom="PIC12LF1832" procid="0xA832" />
  <Part name="PIC16LF18323" arch="16Exxx" clonedfrom="PIC16F1704" procid="0xA833" />
  <Part name="PIC16LF18324" arch="16Exxx" clonedfrom="PIC16F18324" procid="0xA324" />
  <Part name="PIC16LF18325" arch="16Exxx" clonedfrom="PIC16F18325" procid="0xA325" />
  <Part name="PIC16LF18326" arch="16Exxx" clonedfrom="PIC16LF18325" procid="0xA274" />
  <Part name="PIC16LF18344" arch="16Exxx" clonedfrom="PIC16LF18324" procid="0xA344" />
  <Part name="PIC16LF18345" arch="16Exxx" clonedfrom="PIC16F18345" procid="0xA345" />
  <Part name="PIC16LF18346" arch="16Exxx" clonedfrom="PIC16LF18345" procid="0xA275" />
  <Part name="PIC16LF18424" arch="16Exxx" clonedfrom="PIC16F18424" procid="0xA2DC" />
  <Part name="PIC16LF18425" arch="16Exxx" clonedfrom="PIC16F18425" procid="0xA2DE" />
  <Part name="PIC16LF18426" arch="16Exxx" clonedfrom="PIC16F18426" procid="0xA2D7" />
  <Part name="PIC16LF18444" arch="16Exxx" clonedfrom="PIC16F18444" procid="0xA2E0" />
  <Part name="PIC16LF18445" arch="16Exxx" clonedfrom="PIC16F18445" procid="0xA2DA" />
  <Part name="PIC16LF18446" arch="16Exxx" clonedfrom="PIC16F18446" procid="0xA2D9" />
  <Part name="PIC16LF18455" arch="16Exxx" clonedfrom="PIC16F18455" procid="0xA2E5" />
  <Part name="PIC16LF18456" arch="16Exxx" clonedfrom="PIC16F18456" procid="0xA2E6" />
  <Part name="PIC16LF18854" arch="16Exxx" clonedfrom="PIC16F18855" procid="0xA854" />
  <Part name="PIC16LF18855" arch="16Exxx" clonedfrom="PIC16F18855" procid="0xA855" />
  <Part name="PIC16LF18856" arch="16Exxx" clonedfrom="PIC16F18855" procid="0xA856" />
  <Part name="PIC16LF18857" arch="16Exxx" clonedfrom="PIC16LF18875" procid="0xA857" />
  <Part name="PIC16LF18875" arch="16Exxx" clonedfrom="PIC16F18875" procid="0xA875" />
  <Part name="PIC16LF18876" arch="16Exxx" clonedfrom="PIC16F18875" procid="0xA876" />
  <Part name="PIC16LF18877" arch="16Exxx" clonedfrom="PIC16LF18875" procid="0xA877" />
  <Part name="PIC16LF19155" arch="16Exxx" clonedfrom="PIC16F19155" procid="0xA2B8" />
  <Part name="PIC16LF19156" arch="16Exxx" clonedfrom="PIC16F19156" procid="0xA2B9" />
  <Part name="PIC16LF19175" arch="16Exxx" clonedfrom="PIC16F19175" procid="0xA2BA" />
  <Part name="PIC16LF19176" arch="16Exxx" clonedfrom="PIC16F19176" procid="0xA2BB" />
  <Part name="PIC16LF19185" arch="16Exxx" clonedfrom="PIC16F19185" procid="0xA2BC" />
  <Part name="PIC16LF19186" arch="16Exxx" clonedfrom="PIC16F19186" procid="0xA2BD" />
  <Part name="PIC16LF19195" arch="16Exxx" clonedfrom="PIC16F19195" procid="0xA27C" />
  <Part name="PIC16LF19196" arch="16Exxx" clonedfrom="PIC16F19196" procid="0xA27D" />
  <Part name="PIC16LF19197" arch="16Exxx" clonedfrom="PIC16F19197" procid="0xA27E" />
  <Part name="PIC16F610" arch="16xxxx" procid="0xF610" />
  <Part name="PIC16F616" arch="16xxxx" procid="0xF616" />
  <Part name="PIC16F627" arch="16xxxx" procid="0x6627" />
  <Part name="PIC16F627A" arch="16xxxx" procid="0x627A" />
  <Part name="PIC16F628" arch="16xxxx" procid="0x6628" />
  <Part name="PIC16F628A" arch="16xxxx" procid="0x628A" />
  <Part name="PIC16F630" arch="16xxxx" procid="0x6630" />
  <Part name="PIC16F631" arch="16xxxx" procid="0x6631" />
  <Part name="PIC16F636" arch="16xxxx" procid="0xF636" />
  <Part name="PIC16F639" arch="16xxxx" procid="0xF639" />
  <Part name="PIC16F648A" arch="16xxxx" procid="0x648A" />
  <Part name="PIC16F676" arch="16xxxx" procid="0x6676" />
  <Part name="PIC16F677" arch="16xxxx" procid="0x6677" />
  <Part name="PIC16F684" arch="16xxxx" procid="0x6684" />
  <Part name="PIC16F685" arch="16xxxx" procid="0x6685" />
  <Part name="PIC16F687" arch="16xxxx" procid="0x6687" />
  <Part name="PIC16F688" arch="16xxxx" procid="0x6688" />
  <Part name="PIC16F689" arch="16xxxx" procid="0x6689" />
  <Part name="PIC16F690" arch="16xxxx" procid="0x6690" />
  <Part name="PIC16F707" arch="16xxxx" procid="0xF707" />
  <Part name="PIC16F716" arch="16xxxx" procid="0xF716" />
  <Part name="PIC16F72" arch="16xxxx" procid="0x672F" />
  <Part name="PIC16F720" arch="16xxxx" procid="0xF720" />
  <Part name="PIC16F721" arch="16xxxx" procid="0xF721" />
  <Part name="PIC16F722" arch="16xxxx" procid="0xF722" />
  <Part name="PIC16F722A" arch="16xxxx" procid="0xA722" />
  <Part name="PIC16F723" arch="16xxxx" procid="0xF723" />
  <Part name="PIC16F723A" arch="16xxxx" procid="0xA723" />
  <Part name="PIC16F724" arch="16xxxx" procid="0xF724" />
  <Part name="PIC16F726" arch="16xxxx" procid="0xF726" />
  <Part name="PIC16F727" arch="16xxxx" procid="0xF727" />
  <Part name="PIC16F73" arch="16xxxx" procid="0x673F" />
  <Part name="PIC16F737" arch="16xxxx" procid="0x6737" />
  <Part name="PIC16F74" arch="16xxxx" procid="0x674F" />
  <Part name="PIC16F747" arch="16xxxx" procid="0x6747" />
  <Part name="PIC16F753" arch="16xxxx" procid="0xF753" />
  <Part name="PIC16F76" arch="16xxxx" procid="0x676F" />
  <Part name="PIC16F767" arch="16xxxx" procid="0x6767" />
  <Part name="PIC16F77" arch="16xxxx" procid="0x677F" />
  <Part name="PIC16F777" arch="16xxxx" procid="0x6777" />
  <Part name="PIC16F785" arch="16xxxx" procid="0xF785" />
  <Part name="PIC16F818" arch="16xxxx" procid="0x818F" />
  <Part name="PIC16F819" arch="16xxxx" procid="0x819F" />
  <Part name="PIC16F83" arch="16xxxx" procid="0x6C83" />
  <Part name="PIC16F84" arch="16xxxx" procid="0x684A" />
  <Part name="PIC16F84A" arch="16xxxx" procid="0x6F84" />
  <Part name="PIC16F87" arch="16xxxx" procid="0x687F" />
  <Part name="PIC16F870" arch="16xxxx" procid="0x870F" />
  <Part name="PIC16F871" arch="16xxxx" procid="0x871F" />
  <Part name="PIC16F872" arch="16xxxx" procid="0x872F" />
  <Part name="PIC16F873" arch="16xxxx" procid="0x873F" />
  <Part name="PIC16F873A" arch="16xxxx" procid="0x873A" />
  <Part name="PIC16F874" arch="16xxxx" procid="0x874F" />
  <Part name="PIC16F874A" arch="16xxxx" procid="0x874A" />
  <Part name="PIC16F876" arch="16xxxx" procid="0x876F" />
  <Part name="PIC16F876A" arch="16xxxx" procid="0x876A" />
  <Part name="PIC16F877" arch="16xxxx" procid="0x877F" />
  <Part name="PIC16F877A" arch="16xxxx" procid="0x877A" />
  <Part name="PIC16F88" arch="16xxxx" procid="0x688F" />
  <Part name="PIC16F882" arch="16xxxx" procid="0x882F" />
  <Part name="PIC16F883" arch="16xxxx" procid="0x883F" />
  <Part name="PIC16F884" arch="16xxxx" procid="0x884F" />
  <Part name="PIC16F886" arch="16xxxx" procid="0x886F" />
  <Part name="PIC16F887" arch="16xxxx" procid="0x887F" />
  <Part name="PIC16F913" arch="16xxxx" procid="0xF913" />
  <Part name="PIC16F914" arch="16xxxx" procid="0xF914" />
  <Part name="PIC16F916" arch="16xxxx" procid="0xF916" />
  <Part name="PIC16F917" arch="16xxxx" procid="0xF917" />
  <Part name="PIC16F946" arch="16xxxx" procid="0xF946" />
  <Part name="PIC16HV610" arch="16xxxx" procid="0x6610" />
  <Part name="PIC16HV616" arch="16xxxx" procid="0x6616" />
  <Part name="PIC16HV753" arch="16xxxx" clonedfrom="PIC16F753" procid="0x6753" />
  <Part name="PIC16HV785" arch="16xxxx" procid="0x6785" />
  <Part name="PIC16LF627" arch="16xxxx" clonedfrom="PIC16F627" procid="0xA627" />
  <Part name="PIC16LF627A" arch="16xxxx" clonedfrom="PIC16F627A" procid="0xC627" />
  <Part name="PIC16LF628" arch="16xxxx" clonedfrom="PIC16F628" procid="0xB628" />
  <Part name="PIC16LF628A" arch="16xxxx" clonedfrom="PIC16F628A" procid="0xC628" />
  <Part name="PIC16LF648A" arch="16xxxx" clonedfrom="PIC16F648A" procid="0xC648" />
  <Part name="PIC16LF707" arch="16xxxx" procid="0xD707" />
  <Part name="PIC16LF720" arch="16xxxx" procid="0xD720" />
  <Part name="PIC16LF721" arch="16xxxx" procid="0xD721" />
  <Part name="PIC16LF722" arch="16xxxx" procid="0xD722" />
  <Part name="PIC16LF722A" arch="16xxxx" procid="0xB722" />
  <Part name="PIC16LF723" arch="16xxxx" procid="0xD723" />
  <Part name="PIC16LF723A" arch="16xxxx" procid="0xB723" />
  <Part name="PIC16LF724" arch="16xxxx" procid="0xD724" />
  <Part name="PIC16LF726" arch="16xxxx" procid="0xD726" />
  <Part name="PIC16LF727" arch="16xxxx" procid="0xD727" />
  <Part name="PIC16LF73" arch="16xxxx" procid="0xA2E9" />
  <Part name="PIC16LF74" arch="16xxxx" clonedfrom="PIC16F74" procid="0xA674" />
  <Part name="PIC16LF747" arch="16xxxx" clonedfrom="PIC16F747" procid="0xA747" />
  <Part name="PIC16LF76" arch="16xxxx" clonedfrom="PIC16F76" procid="0xA676" />
  <Part name="PIC16LF767" arch="16xxxx" clonedfrom="PIC16F767" procid="0xA767" />
  <Part name="PIC16LF77" arch="16xxxx" clonedfrom="PIC16F77" procid="0xA677" />
  <Part name="PIC16LF777" arch="16xxxx" clonedfrom="PIC16F777" procid="0xA777" />
  <Part name="PIC16LF818" arch="16xxxx" clonedfrom="PIC16F818" procid="0xA818" />
  <Part name="PIC16LF819" arch="16xxxx" clonedfrom="PIC16F819" procid="0xA819" />
  <Part name="PIC16LF83" arch="16xxxx" clonedfrom="PIC16F83" procid="0xA683" />
  <Part name="PIC16LF84" arch="16xxxx" clonedfrom="PIC16F84" procid="0xA684" />
  <Part name="PIC16LF84A" arch="16xxxx" clonedfrom="PIC16F84A" procid="0xA685" />
  <Part name="PIC16LF87" arch="16xxxx" clonedfrom="PIC16F87" procid="0xA807" />
  <Part name="PIC16LF870" arch="16xxxx" clonedfrom="PIC16F870" procid="0xA870" />
  <Part name="PIC16LF871" arch="16xxxx" clonedfrom="PIC16F871" procid="0xA871" />
  <Part name="PIC16LF872" arch="16xxxx" clonedfrom="PIC16F872" procid="0xA800" />
  <Part name="PIC16LF873" arch="16xxxx" clonedfrom="PIC16F873" procid="0xA873" />
  <Part name="PIC16LF873A" arch="16xxxx" clonedfrom="PIC16F873A" procid="0xA803" />
  <Part name="PIC16LF874" arch="16xxxx" clonedfrom="PIC16F874" procid="0xA874" />
  <Part name="PIC16LF874A" arch="16xxxx" clonedfrom="PIC16F874A" procid="0xA804" />
  <Part name="PIC16LF876" arch="16xxxx" clonedfrom="PIC16F876" procid="0xA801" />
  <Part name="PIC16LF876A" arch="16xxxx" clonedfrom="PIC16F876A" procid="0xA805" />
  <Part name="PIC16LF877" arch="16xxxx" clonedfrom="PIC16F877" procid="0xA802" />
  <Part name="PIC16LF877A" arch="16xxxx" clonedfrom="PIC16F877A" procid="0xA806" />
  <Part name="PIC16LF88" arch="16xxxx" clonedfrom="PIC16F88" procid="0xA808" />
  <Part name="PIC18C242" arch="18xxxx" procid="0x8242" />
  <Part name="PIC18C252" arch="18xxxx" procid="0x8252" />
  <Part name="PIC18C442" arch="18xxxx" procid="0x8442" />
  <Part name="PIC18C452" arch="18xxxx" procid="0x8452" />
  <Part name="PIC18C601" arch="18xxxx" procid="0x8601" />
  <Part name="PIC18C658" arch="18xxxx" procid="0x8658" />
  <Part name="PIC18C801" arch="18xxxx" procid="0x8801" />
  <Part name="PIC18C858" arch="18xxxx" procid="0x8858" />
  <Part name="PIC18F13K22" arch="18xxxx" procid="0xB132" />
  <Part name="PIC18F13K50" arch="18xxxx" procid="0xA135" />
  <Part name="PIC18F14K22" arch="18xxxx" procid="0xB142" />
  <Part name="PIC18F14K22LIN" arch="18xxxx" procid="0xC142" />
  <Part name="PIC18F14K50" arch="18xxxx" procid="0xA145" />
  <Part name="PIC18F23K20" arch="18xxxx" procid="0xD320" />
  <Part name="PIC18F23K22" arch="18xxxx" procid="0xD322" />
  <Part name="PIC18F24K20" arch="18xxxx" procid="0xD420" />
  <Part name="PIC18F24K22" arch="18xxxx" procid="0xD422" />
  <Part name="PIC18F24K40" arch="18xxxx" clonedfrom="PIC18F25K40" procid="0x2440" />
  <Part name="PIC18F24K42" arch="18xxxx" clonedfrom="PIC18F24K40" procid="0xA29A" />
  <Part name="PIC18F24K50" arch="18xxxx" procid="0xD451" />
  <Part name="PIC18F25K20" arch="18xxxx" procid="0xD520" />
  <Part name="PIC18F25K22" arch="18xxxx" procid="0xD522" />
  <Part name="PIC18F25K40" arch="18xxxx" clonedfrom="PIC18F47K40" procid="0x2540" />
  <Part name="PIC18F25K42" arch="18xxxx" clonedfrom="PIC18F24K42" procid="0xA29B" />
  <Part name="PIC18F25K50" arch="18xxxx" procid="0xD551" />
  <Part name="PIC18F25K80" arch="18xxxx" procid="0xA580" />
  <Part name="PIC18F25K83" arch="18xxxx" clonedfrom="PIC18F25K42" procid="0xA2C8" />
  <Part name="PIC18F26K20" arch="18xxxx" procid="0xD620" />
  <Part name="PIC18F26K22" arch="18xxxx" procid="0xD622" />
  <Part name="PIC18F26K40" arch="18xxxx" clonedfrom="PIC18F46K40" procid="0x2640" />
  <Part name="PIC18F26K42" arch="18xxxx" clonedfrom="PIC18F25K42" procid="0xA2BE" />
  <Part name="PIC18F26K80" arch="18xxxx" procid="0xA680" />
  <Part name="PIC18F26K83" arch="18xxxx" clonedfrom="PIC18F25K42" procid="0xA2C9" />
  <Part name="PIC18F27K40" arch="18xxxx" clonedfrom="PIC18F26K40" procid="0x2740" />
  <Part name="PIC18F27K42" arch="18xxxx" clonedfrom="PIC18F26K42" procid="0xA2CB" />
  <Part name="PIC18F43K20" arch="18xxxx" procid="0xE320" />
  <Part name="PIC18F43K22" arch="18xxxx" procid="0xE322" />
  <Part name="PIC18F44K20" arch="18xxxx" procid="0xE420" />
  <Part name="PIC18F44K22" arch="18xxxx" procid="0xE422" />
  <Part name="PIC18F45K20" arch="18xxxx" procid="0xE520" />
  <Part name="PIC18F45K22" arch="18xxxx" procid="0xE522" />
  <Part name="PIC18F45K40" arch="18xxxx" clonedfrom="PIC18F46K40" procid="0x4540" />
  <Part name="PIC18F45K42" arch="18xxxx" clonedfrom="PIC18F55K42" procid="0xA2C0" />
  <Part name="PIC18F45K50" arch="18xxxx" procid="0xE551" />
  <Part name="PIC18F45K80" arch="18xxxx" procid="0xB580" />
  <Part name="PIC18F46K20" arch="18xxxx" procid="0xE620" />
  <Part name="PIC18F46K22" arch="18xxxx" procid="0xE622" />
  <Part name="PIC18F46K40" arch="18xxxx" clonedfrom="PIC18F45K40" procid="0x4640" />
  <Part name="PIC18F46K42" arch="18xxxx" clonedfrom="PIC18F56K42" procid="0xA2C4" />
  <Part name="PIC18F46K80" arch="18xxxx" procid="0xB680" />
  <Part name="PIC18F47K40" arch="18xxxx" clonedfrom="PIC18F46K40" procid="0x4740" />
  <Part name="PIC18F47K42" arch="18xxxx" clonedfrom="PIC18F46K42" procid="0xA2CD" />
  <Part name="PIC18F55K42" arch="18xxxx" clonedfrom="PIC18F56K42" procid="0xA2C2" />
  <Part name="PIC18F56K42" arch="18xxxx" clonedfrom="PIC18F26K42" procid="0xA2C6" />
  <Part name="PIC18F57K42" arch="18xxxx" clonedfrom="PIC18F56K42" procid="0xA2CF" />
  <Part name="PIC18F65K22" arch="18xxxx" procid="0x6522" />
  <Part name="PIC18F65K40" arch="18xxxx" clonedfrom="PIC18F66K40" procid="0xA26F" />
  <Part name="PIC18F65K80" arch="18xxxx" procid="0xC580" />
  <Part name="PIC18F65K90" arch="18xxxx" procid="0xB591" />
  <Part name="PIC18F66K22" arch="18xxxx" procid="0xB622" />
  <Part name="PIC18F66K40" arch="18xxxx" clonedfrom="PIC18F67K40" procid="0x6640" />
  <Part name="PIC18F66K80" arch="18xxxx" procid="0xC680" />
  <Part name="PIC18F66K90" arch="18xxxx" procid="0xB691" />
  <Part name="PIC18F67K22" arch="18xxxx" procid="0x6722" />
  <Part name="PIC18F67K40" arch="18xxxx" clonedfrom="PIC18F47K40" procid="0x6740" />
  <Part name="PIC18F67K90" arch="18xxxx" procid="0xB790" />
  <Part name="PIC18F85K22" arch="18xxxx" procid="0x8522" />
  <Part name="PIC18F85K90" arch="18xxxx" procid="0xC591" />
  <Part name="PIC18F86K22" arch="18xxxx" procid="0xC622" />
  <Part name="PIC18F86K90" arch="18xxxx" procid="0xC690" />
  <Part name="PIC18F87K22" arch="18xxxx" procid="0x8722" />
  <Part name="PIC18F87K90" arch="18xxxx" procid="0xC790" />
  <Part name="PIC18LF13K22" arch="18xxxx" procid="0xA133" />
  <Part name="PIC18LF13K50" arch="18xxxx" procid="0xD135" />
  <Part name="PIC18LF14K22" arch="18xxxx" procid="0xA142" />
  <Part name="PIC18LF14K50" arch="18xxxx" procid="0xD145" />
  <Part name="PIC18LF23K22" arch="18xxxx" procid="0xB322" />
  <Part name="PIC18LF24K22" arch="18xxxx" procid="0xB422" />
  <Part name="PIC18LF24K40" arch="18xxxx" clonedfrom="PIC18F24K40" procid="0xC244" />
  <Part name="PIC18LF24K42" arch="18xxxx" clonedfrom="PIC18F24K42" procid="0xA29C" />
  <Part name="PIC18LF24K50" arch="18xxxx" procid="0xD452" />
  <Part name="PIC18LF25K22" arch="18xxxx" procid="0xB522" />
  <Part name="PIC18LF25K40" arch="18xxxx" clonedfrom="PIC18F25K40" procid="0xC254" />
  <Part name="PIC18LF25K42" arch="18xxxx" clonedfrom="PIC18F25K42" procid="0xA29D" />
  <Part name="PIC18LF25K50" arch="18xxxx" procid="0xD552" />
  <Part name="PIC18LF25K80" arch="18xxxx" procid="0xD580" />
  <Part name="PIC18LF25K83" arch="18xxxx" clonedfrom="PIC18F25K42" procid="0xA2D1" />
  <Part name="PIC18LF26K22" arch="18xxxx" procid="0xB623" />
  <Part name="PIC18LF26K40" arch="18xxxx" clonedfrom="PIC18F26K40" procid="0xA640" />
  <Part name="PIC18LF26K42" arch="18xxxx" clonedfrom="PIC18F26K42" procid="0xA2BF" />
  <Part name="PIC18LF26K80" arch="18xxxx" procid="0xD680" />
  <Part name="PIC18LF26K83" arch="18xxxx" clonedfrom="PIC18F25K42" procid="0xA2CA" />
  <Part name="PIC18LF27K40" arch="18xxxx" clonedfrom="PIC18LF26K40" procid="0xA277" />
  <Part name="PIC18LF27K42" arch="18xxxx" clonedfrom="PIC18LF26K42" procid="0xA2CC" />
  <Part name="PIC18LF43K22" arch="18xxxx" procid="0xC322" />
  <Part name="PIC18LF44K22" arch="18xxxx" procid="0xC422" />
  <Part name="PIC18LF45K22" arch="18xxxx" procid="0xC522" />
  <Part name="PIC18LF45K40" arch="18xxxx" clonedfrom="PIC18LF46K40" procid="0xC454" />
  <Part name="PIC18LF45K42" arch="18xxxx" clonedfrom="PIC18F45K42" procid="0xA2C1" />
  <Part name="PIC18LF45K50" arch="18xxxx" procid="0xE552" />
  <Part name="PIC18LF45K80" arch="18xxxx" procid="0xE580" />
  <Part name="PIC18LF46K22" arch="18xxxx" procid="0xC623" />
  <Part name="PIC18LF46K40" arch="18xxxx" clonedfrom="PIC18F46K40" procid="0xA26E" />
  <Part name="PIC18LF46K42" arch="18xxxx" clonedfrom="PIC18F46K42" procid="0xA2C5" />
  <Part name="PIC18LF46K80" arch="18xxxx" procid="0xE680" />
  <Part name="PIC18LF47K40" arch="18xxxx" clonedfrom="PIC18LF46K40" procid="0xA276" />
  <Part name="PIC18LF47K42" arch="18xxxx" clonedfrom="PIC18LF46K42" procid="0xA2CE" />
  <Part name="PIC18LF55K42" arch="18xxxx" clonedfrom="PIC18F55K42" procid="0xA2C3" />
  <Part name="PIC18LF56K42" arch="18xxxx" clonedfrom="PIC18F56K42" procid="0xA2C7" />
  <Part name="PIC18LF57K42" arch="18xxxx" clonedfrom="PIC18LF56K42" procid="0xA2D0" />
  <Part name="PIC18LF65K40" arch="18xxxx" clonedfrom="PIC18F65K40" procid="0xA270" />
  <Part name="PIC18LF65K80" arch="18xxxx" procid="0xF580" />
  <Part name="PIC18LF66K40" arch="18xxxx" clonedfrom="PIC18F66K40" procid="0xA271" />
  <Part name="PIC18LF66K80" arch="18xxxx" procid="0xF680" />
  <Part name="PIC18LF67K40" arch="18xxxx" clonedfrom="PIC18F67K40" procid="0xA278" />
  <Part name="PIC18F1220" arch="18xxxx" procid="0xA122" />
  <Part name="PIC18F1230" arch="18xxxx" procid="0x1230" />
  <Part name="PIC18F1320" arch="18xxxx" procid="0xA132" />
  <Part name="PIC18F1330" arch="18xxxx" procid="0x1330" />
  <Part name="PIC18F2220" arch="18xxxx" procid="0xA222" />
  <Part name="PIC18F2221" arch="18xxxx" procid="0x2221" />
  <Part name="PIC18F2320" arch="18xxxx" procid="0xA232" />
  <Part name="PIC18F2321" arch="18xxxx" procid="0x2321" />
  <Part name="PIC18F2331" arch="18xxxx" procid="0x2331" />
  <Part name="PIC18F2410" arch="18xxxx" procid="0x2410" />
  <Part name="PIC18F242" arch="18xxxx" procid="0x242F" />
  <Part name="PIC18F2420" arch="18xxxx" procid="0x2420" />
  <Part name="PIC18F2423" arch="18xxxx" procid="0x2423" />
  <Part name="PIC18F2431" arch="18xxxx" procid="0x2431" />
  <Part name="PIC18F2439" arch="18xxxx" procid="0x2439" />
  <Part name="PIC18F2450" arch="18xxxx" procid="0x2450" />
  <Part name="PIC18F2455" arch="18xxxx" procid="0x2455" />
  <Part name="PIC18F2458" arch="18xxxx" procid="0x2458" />
  <Part name="PIC18F248" arch="18xxxx" procid="0x8248" />
  <Part name="PIC18F2480" arch="18xxxx" procid="0x2480" />
  <Part name="PIC18F2510" arch="18xxxx" procid="0x2510" />
  <Part name="PIC18F2515" arch="18xxxx" procid="0x2515" />
  <Part name="PIC18F252" arch="18xxxx" procid="0x252F" />
  <Part name="PIC18F2520" arch="18xxxx" procid="0x2520" />
  <Part name="PIC18F2523" arch="18xxxx" procid="0x2523" />
  <Part name="PIC18F2525" arch="18xxxx" procid="0x2525" />
  <Part name="PIC18F2539" arch="18xxxx" procid="0x2539" />
  <Part name="PIC18F2550" arch="18xxxx" procid="0x2550" />
  <Part name="PIC18F2553" arch="18xxxx" procid="0x2553" />
  <Part name="PIC18F258" arch="18xxxx" procid="0x8258" />
  <Part name="PIC18F2580" arch="18xxxx" procid="0x2580" />
  <Part name="PIC18F2585" arch="18xxxx" procid="0x2585" />
  <Part name="PIC18F2610" arch="18xxxx" procid="0x2610" />
  <Part name="PIC18F2620" arch="18xxxx" procid="0x2620" />
  <Part name="PIC18F2680" arch="18xxxx" procid="0x2680" />
  <Part name="PIC18F2682" arch="18xxxx" procid="0x2682" />
  <Part name="PIC18F2685" arch="18xxxx" procid="0x2685" />
  <Part name="PIC18F4220" arch="18xxxx" procid="0xA422" />
  <Part name="PIC18F4221" arch="18xxxx" procid="0x4221" />
  <Part name="PIC18F4320" arch="18xxxx" procid="0xA432" />
  <Part name="PIC18F4321" arch="18xxxx" procid="0x4321" />
  <Part name="PIC18F4331" arch="18xxxx" procid="0x4331" />
  <Part name="PIC18F4410" arch="18xxxx" procid="0x4410" />
  <Part name="PIC18F442" arch="18xxxx" procid="0x442F" />
  <Part name="PIC18F4420" arch="18xxxx" procid="0x4420" />
  <Part name="PIC18F4423" arch="18xxxx" procid="0x4423" />
  <Part name="PIC18F4431" arch="18xxxx" procid="0x4431" />
  <Part name="PIC18F4439" arch="18xxxx" procid="0x4439" />
  <Part name="PIC18F4450" arch="18xxxx" procid="0x4450" />
  <Part name="PIC18F4455" arch="18xxxx" procid="0x4455" />
  <Part name="PIC18F4458" arch="18xxxx" procid="0x4458" />
  <Part name="PIC18F448" arch="18xxxx" procid="0x8448" />
  <Part name="PIC18F4480" arch="18xxxx" procid="0x4480" />
  <Part name="PIC18F4510" arch="18xxxx" procid="0x4510" />
  <Part name="PIC18F4515" arch="18xxxx" procid="0x4515" />
  <Part name="PIC18F452" arch="18xxxx" procid="0x452F" />
  <Part name="PIC18F4520" arch="18xxxx" procid="0x4520" />
  <Part name="PIC18F4523" arch="18xxxx" procid="0x4523" />
  <Part name="PIC18F4525" arch="18xxxx" procid="0x4525" />
  <Part name="PIC18F4539" arch="18xxxx" procid="0x4539" />
  <Part name="PIC18F4550" arch="18xxxx" procid="0x4550" />
  <Part name="PIC18F4553" arch="18xxxx" procid="0x4553" />
  <Part name="PIC18F458" arch="18xxxx" procid="0x8458" />
  <Part name="PIC18F4580" arch="18xxxx" procid="0x4580" />
  <Part name="PIC18F4585" arch="18xxxx" procid="0x4585" />
  <Part name="PIC18F4610" arch="18xxxx" procid="0x4610" />
  <Part name="PIC18F4620" arch="18xxxx" procid="0x4620" />
  <Part name="PIC18F4680" arch="18xxxx" procid="0x4680" />
  <Part name="PIC18F4682" arch="18xxxx" procid="0x4682" />
  <Part name="PIC18F4685" arch="18xxxx" procid="0x4685" />
  <Part name="PIC18F6310" arch="18xxxx" procid="0x6310" />
  <Part name="PIC18F6390" arch="18xxxx" procid="0x6390" />
  <Part name="PIC18F6393" arch="18xxxx" procid="0x6393" />
  <Part name="PIC18F6410" arch="18xxxx" procid="0x6410" />
  <Part name="PIC18F6490" arch="18xxxx" procid="0x6490" />
  <Part name="PIC18F6493" arch="18xxxx" procid="0x6493" />
  <Part name="PIC18F6520" arch="18xxxx" procid="0xA652" />
  <Part name="PIC18F6525" arch="18xxxx" procid="0x6525" />
  <Part name="PIC18F6527" arch="18xxxx" procid="0x6527" />
  <Part name="PIC18F6585" arch="18xxxx" procid="0x6585" />
  <Part name="PIC18F6620" arch="18xxxx" procid="0xA662" />
  <Part name="PIC18F6621" arch="18xxxx" procid="0xA621" />
  <Part name="PIC18F6622" arch="18xxxx" procid="0xF622" />
  <Part name="PIC18F6627" arch="18xxxx" procid="0xF625" />
  <Part name="PIC18F6628" arch="18xxxx" procid="0xA628" />
  <Part name="PIC18F6680" arch="18xxxx" procid="0x6680" />
  <Part name="PIC18F6720" arch="18xxxx" procid="0xA672" />
  <Part name="PIC18F6722" arch="18xxxx" procid="0x6721" />
  <Part name="PIC18F6723" arch="18xxxx" procid="0x6723" />
  <Part name="PIC18F8310" arch="18xxxx" procid="0x8310" />
  <Part name="PIC18F8390" arch="18xxxx" procid="0x8390" />
  <Part name="PIC18F8393" arch="18xxxx" procid="0x8393" />
  <Part name="PIC18F8410" arch="18xxxx" procid="0x8410" />
  <Part name="PIC18F8490" arch="18xxxx" procid="0x8490" />
  <Part name="PIC18F8493" arch="18xxxx" procid="0x8493" />
  <Part name="PIC18F8520" arch="18xxxx" procid="0xA852" />
  <Part name="PIC18F8525" arch="18xxxx" procid="0x8525" />
  <Part name="PIC18F8527" arch="18xxxx" procid="0x8527" />
  <Part name="PIC18F8585" arch="18xxxx" procid="0x8585" />
  <Part name="PIC18F8620" arch="18xxxx" procid="0xA862" />
  <Part name="PIC18F8621" arch="18xxxx" procid="0x8621" />
  <Part name="PIC18F8622" arch="18xxxx" procid="0x8622" />
  <Part name="PIC18F8627" arch="18xxxx" procid="0x8625" />
  <Part name="PIC18F8628" arch="18xxxx" procid="0x8628" />
  <Part name="PIC18F8680" arch="18xxxx" procid="0x8680" />
  <Part name="PIC18F8720" arch="18xxxx" procid="0xA872" />
  <Part name="PIC18F8722" arch="18xxxx" procid="0x8721" />
  <Part name="PIC18F8723" arch="18xxxx" procid="0x8723" />
  <Part name="PIC18LF1220" arch="18xxxx" clonedfrom="PIC18F1220" procid="0xA120" />
  <Part name="PIC18LF1230" arch="18xxxx" clonedfrom="PIC18F1230" procid="0xA121" />
  <Part name="PIC18LF1320" arch="18xxxx" clonedfrom="PIC18F1320" procid="0xA130" />
  <Part name="PIC18LF1330" arch="18xxxx" clonedfrom="PIC18F1330" procid="0xA131" />
  <Part name="PIC18LF2220" arch="18xxxx" clonedfrom="PIC18F2220" procid="0xA200" />
  <Part name="PIC18LF2221" arch="18xxxx" clonedfrom="PIC18F2221" procid="0xA201" />
  <Part name="PIC18LF2320" arch="18xxxx" clonedfrom="PIC18F2320" procid="0xA202" />
  <Part name="PIC18LF2321" arch="18xxxx" clonedfrom="PIC18F2321" procid="0xA203" />
  <Part name="PIC18LF2331" arch="18xxxx" clonedfrom="PIC18F2331" procid="0xA204" />
  <Part name="PIC18LF2410" arch="18xxxx" clonedfrom="PIC18F2410" procid="0xA205" />
  <Part name="PIC18LF242" arch="18xxxx" clonedfrom="PIC18F242" procid="0xA208" />
  <Part name="PIC18LF2420" arch="18xxxx" clonedfrom="PIC18F2420" procid="0xA206" />
  <Part name="PIC18LF2423" arch="18xxxx" clonedfrom="PIC18F2423" procid="0xA207" />
  <Part name="PIC18LF2431" arch="18xxxx" clonedfrom="PIC18F2431" procid="0xA209" />
  <Part name="PIC18LF2439" arch="18xxxx" clonedfrom="PIC18F2439" procid="0xA210" />
  <Part name="PIC18LF2450" arch="18xxxx" clonedfrom="PIC18F2450" procid="0xA20A" />
  <Part name="PIC18LF2455" arch="18xxxx" clonedfrom="PIC18F2455" procid="0xA20B" />
  <Part name="PIC18LF2458" arch="18xxxx" clonedfrom="PIC18F2458" procid="0xA20C" />
  <Part name="PIC18LF248" arch="18xxxx" clonedfrom="PIC18F248" procid="0xA20E" />
  <Part name="PIC18LF2480" arch="18xxxx" clonedfrom="PIC18F2480" procid="0xA20D" />
  <Part name="PIC18LF2510" arch="18xxxx" clonedfrom="PIC18F2510" procid="0xA20F" />
  <Part name="PIC18LF2515" arch="18xxxx" clonedfrom="PIC18F2515" procid="0xA211" />
  <Part name="PIC18LF252" arch="18xxxx" clonedfrom="PIC18F252" procid="0xA215" />
  <Part name="PIC18LF2520" arch="18xxxx" clonedfrom="PIC18F2520" procid="0xA212" />
  <Part name="PIC18LF2523" arch="18xxxx" clonedfrom="PIC18F2523" procid="0xA213" />
  <Part name="PIC18LF2525" arch="18xxxx" clonedfrom="PIC18F2525" procid="0xA214" />
  <Part name="PIC18LF2539" arch="18xxxx" clonedfrom="PIC18F2539" procid="0xA216" />
  <Part name="PIC18LF2550" arch="18xxxx" clonedfrom="PIC18F2550" procid="0xA217" />
  <Part name="PIC18LF2553" arch="18xxxx" clonedfrom="PIC18F2553" procid="0xA218" />
  <Part name="PIC18LF258" arch="18xxxx" clonedfrom="PIC18F258" procid="0xA21B" />
  <Part name="PIC18LF2580" arch="18xxxx" clonedfrom="PIC18F2580" procid="0xA219" />
  <Part name="PIC18LF2585" arch="18xxxx" clonedfrom="PIC18F2585" procid="0xA21A" />
  <Part name="PIC18LF2610" arch="18xxxx" clonedfrom="PIC18F2610" procid="0xA21C" />
  <Part name="PIC18LF2620" arch="18xxxx" clonedfrom="PIC18F2620" procid="0xA21D" />
  <Part name="PIC18LF2680" arch="18xxxx" clonedfrom="PIC18F2680" procid="0xA21E" />
  <Part name="PIC18LF2682" arch="18xxxx" clonedfrom="PIC18F2682" procid="0xA21F" />
  <Part name="PIC18LF2685" arch="18xxxx" clonedfrom="PIC18F2685" procid="0xA220" />
  <Part name="PIC18LF4220" arch="18xxxx" clonedfrom="PIC18F4220" procid="0xA223" />
  <Part name="PIC18LF4221" arch="18xxxx" clonedfrom="PIC18F4221" procid="0xA224" />
  <Part name="PIC18LF4320" arch="18xxxx" clonedfrom="PIC18F4320" procid="0xA225" />
  <Part name="PIC18LF4321" arch="18xxxx" clonedfrom="PIC18F4321" procid="0xA226" />
  <Part name="PIC18LF4331" arch="18xxxx" clonedfrom="PIC18F4331" procid="0xA227" />
  <Part name="PIC18LF4410" arch="18xxxx" clonedfrom="PIC18F4410" procid="0xA228" />
  <Part name="PIC18LF442" arch="18xxxx" clonedfrom="PIC18F442" procid="0xA22A" />
  <Part name="PIC18LF4420" arch="18xxxx" clonedfrom="PIC18F4420" procid="0xA229" />
  <Part name="PIC18LF4423" arch="18xxxx" clonedfrom="PIC18F4423" procid="0xA22B" />
  <Part name="PIC18LF4431" arch="18xxxx" clonedfrom="PIC18F4431" procid="0xA22C" />
  <Part name="PIC18LF4439" arch="18xxxx" clonedfrom="PIC18F4439" procid="0xA22D" />
  <Part name="PIC18LF4450" arch="18xxxx" clonedfrom="PIC18F4450" procid="0xA22E" />
  <Part name="PIC18LF4455" arch="18xxxx" clonedfrom="PIC18F4455" procid="0xA22F" />
  <Part name="PIC18LF4458" arch="18xxxx" clonedfrom="PIC18F4458" procid="0xA230" />
  <Part name="PIC18LF448" arch="18xxxx" clonedfrom="PIC18F448" procid="0xA233" />
  <Part name="PIC18LF4480" arch="18xxxx" clonedfrom="PIC18F4480" procid="0xA231" />
  <Part name="PIC18LF4510" arch="18xxxx" clonedfrom="PIC18F4510" procid="0xA234" />
  <Part name="PIC18LF4515" arch="18xxxx" clonedfrom="PIC18F4515" procid="0xA235" />
  <Part name="PIC18LF452" arch="18xxxx" clonedfrom="PIC18F452" procid="0xA236" />
  <Part name="PIC18LF4520" arch="18xxxx" clonedfrom="PIC18F4520" procid="0xA237" />
  <Part name="PIC18LF4523" arch="18xxxx" clonedfrom="PIC18F4523" procid="0xA238" />
  <Part name="PIC18LF4525" arch="18xxxx" clonedfrom="PIC18F4525" procid="0xA239" />
  <Part name="PIC18LF4539" arch="18xxxx" clonedfrom="PIC18F4539" procid="0xA23A" />
  <Part name="PIC18LF4550" arch="18xxxx" clonedfrom="PIC18F4550" procid="0xA23B" />
  <Part name="PIC18LF4553" arch="18xxxx" clonedfrom="PIC18F4553" procid="0xA23C" />
  <Part name="PIC18LF458" arch="18xxxx" clonedfrom="PIC18F458" procid="0xA23F" />
  <Part name="PIC18LF4580" arch="18xxxx" clonedfrom="PIC18F4580" procid="0xA23D" />
  <Part name="PIC18LF4585" arch="18xxxx" clonedfrom="PIC18F4585" procid="0xA23E" />
  <Part name="PIC18LF4610" arch="18xxxx" clonedfrom="PIC18F4610" procid="0xA240" />
  <Part name="PIC18LF4620" arch="18xxxx" clonedfrom="PIC18F4620" procid="0xA242" />
  <Part name="PIC18LF4680" arch="18xxxx" clonedfrom="PIC18F4680" procid="0xA243" />
  <Part name="PIC18LF4682" arch="18xxxx" clonedfrom="PIC18F4682" procid="0xA244" />
  <Part name="PIC18LF4685" arch="18xxxx" clonedfrom="PIC18F4685" procid="0xA245" />
  <Part name="PIC18LF6310" arch="18xxxx" clonedfrom="PIC18F6310" procid="0xA246" />
  <Part name="PIC18LF6390" arch="18xxxx" clonedfrom="PIC18F6390" procid="0xA247" />
  <Part name="PIC18LF6393" arch="18xxxx" clonedfrom="PIC18F6393" procid="0xA248" />
  <Part name="PIC18LF6410" arch="18xxxx" clonedfrom="PIC18F6410" procid="0xA249" />
  <Part name="PIC18LF6490" arch="18xxxx" clonedfrom="PIC18F6490" procid="0xA24A" />
  <Part name="PIC18LF6493" arch="18xxxx" clonedfrom="PIC18F6493" procid="0xA24B" />
  <Part name="PIC18LF6520" arch="18xxxx" clonedfrom="PIC18F6520" procid="0xA24C" />
  <Part name="PIC18LF6525" arch="18xxxx" clonedfrom="PIC18F6525" procid="0xA24D" />
  <Part name="PIC18LF6527" arch="18xxxx" clonedfrom="PIC18F6527" procid="0xA24E" />
  <Part name="PIC18LF6585" arch="18xxxx" clonedfrom="PIC18F6585" procid="0xA24F" />
  <Part name="PIC18LF6620" arch="18xxxx" clonedfrom="PIC18F6620" procid="0xA250" />
  <Part name="PIC18LF6621" arch="18xxxx" clonedfrom="PIC18F6621" procid="0xA252" />
  <Part name="PIC18LF6622" arch="18xxxx" clonedfrom="PIC18F6622" procid="0xA253" />
  <Part name="PIC18LF6627" arch="18xxxx" clonedfrom="PIC18F6627" procid="0xA254" />
  <Part name="PIC18LF6628" arch="18xxxx" clonedfrom="PIC18F6628" procid="0xA255" />
  <Part name="PIC18LF6680" arch="18xxxx" clonedfrom="PIC18F6680" procid="0xA256" />
  <Part name="PIC18LF6720" arch="18xxxx" clonedfrom="PIC18F6720" procid="0xA257" />
  <Part name="PIC18LF6722" arch="18xxxx" clonedfrom="PIC18F6722" procid="0xA258" />
  <Part name="PIC18LF6723" arch="18xxxx" clonedfrom="PIC18F6723" procid="0xA259" />
  <Part name="PIC18LF8310" arch="18xxxx" clonedfrom="PIC18F8310" procid="0xA25A" />
  <Part name="PIC18LF8390" arch="18xxxx" clonedfrom="PIC18F8390" procid="0xA25B" />
  <Part name="PIC18LF8393" arch="18xxxx" clonedfrom="PIC18F8393" procid="0xA25C" />
  <Part name="PIC18LF8410" arch="18xxxx" clonedfrom="PIC18F8410" procid="0xA25D" />
  <Part name="PIC18LF8490" arch="18xxxx" clonedfrom="PIC18F8490" procid="0xA25E" />
  <Part name="PIC18LF8493" arch="18xxxx" clonedfrom="PIC18F8493" procid="0xA25F" />
  <Part name="PIC18LF8520" arch="18xxxx" clonedfrom="PIC18F8520" procid="0xA260" />
  <Part name="PIC18LF8525" arch="18xxxx" clonedfrom="PIC18F8525" procid="0xA261" />
  <Part name="PIC18LF8527" arch="18xxxx" clonedfrom="PIC18F8527" procid="0xA262" />
  <Part name="PIC18LF8585" arch="18xxxx" clonedfrom="PIC18F8585" procid="0xA263" />
  <Part name="PIC18LF8620" arch="18xxxx" clonedfrom="PIC18F8620" procid="0xA264" />
  <Part name="PIC18LF8621" arch="18xxxx" clonedfrom="PIC18F8621" procid="0xA265" />
  <Part name="PIC18LF8622" arch="18xxxx" clonedfrom="PIC18F8622" procid="0xA266" />
  <Part name="PIC18LF8627" arch="18xxxx" clonedfrom="PIC18F8627" procid="0xA267" />
  <Part name="PIC18LF8628" arch="18xxxx" clonedfrom="PIC18F8628" procid="0xA268" />
  <Part name="PIC18LF8680" arch="18xxxx" clonedfrom="PIC18F8680" procid="0xA269" />
  <Part name="PIC18LF8720" arch="18xxxx" clonedfrom="PIC18F8720" procid="0xA26A" />
  <Part name="PIC18LF8722" arch="18xxxx" clonedfrom="PIC18F8722" procid="0xA26B" />
  <Part name="PIC18LF8723" arch="18xxxx" clonedfrom="PIC18F8723" procid="0xA26C" />
</PICPartInfo>